6KminI,6KminT,8KminI,8KminT,10KminI,10KminT,12KminI,12KminT,15KminI,15KminT,20KminI,20KminT,25KminI,25KminT,30KminI,30KminT,40KminI,40KminT,50KminI,50KminT,65KminI,65KminT,80KminI,80KminT,100KminI,100KminT,140KminI,140KminT,200KminI,200KminT,6KtotI,6KtotT,8KtotI,8KtotT,10KtotI,10KtotT,12KtotI,12KtotT,15KtotI,15KtotT,20KtotI,20KtotT,25KtotI,25KtotT,30KtotI,30KtotT,40KtotI,40KtotT,50KtotI,50KtotT,65KtotI,65KtotT,80KtotI,80KtotT,100KtotI,100KtotT,140KtotI,140KtotT,200KtotI,200KtotT,6TminI,6TminT,8TminI,8TminT,10TminI,10TminT,12TminI,12TminT,15TminI,15TminT,20TminI,20TminT,25TminI,25TminT,30TminI,30TminT,40TminI,40TminT,50TminI,50TminT,65TminI,65TminT,80TminI,80TminT,100TminI,100TminT,140TminI,140TminT,200TminI,200TminT,6TtotI,6TtotT,8TtotI,8TtotT,10TtotI,10TtotT,12TtotI,12TtotT,15TtotI,15TtotT,20TtotI,20TtotT,25TtotI,25TtotT,30TtotI,30TtotT,40TtotI,40TtotT,50TtotI,50TtotT,65TtotI,65TtotT,80TtotI,80TtotT,100TtotI,100TtotT,140TtotI,140TtotT,200TtotI,200TtotT
230.983,0.01,320.648,0.01,422.988,0.01,548.037,0.01,708.637,0.01,921.813,0.01,1175.37,0.01,1455.84,0.01,1903.29,0.01,2421.98,0.01,2999.92,0.01,3937.65,0.01,4931.21,0.01,7834.87,0.01,10000,0.014903,10000,0.013298,10000,0.013298,10000,0.013298,10000,0.013298,10000,0.013298,10000,0.013298,10000,0.013404,10000,0.013499,10000,0.013826,10000,0.014134,10000,0.014564,10000,0.015357,10000,0.016145,10000,0.022144,10000,0.035149,385.8097,0.01,526.5488,0.01,720.0664,0.01,938.5567,0.01,1228.247,0.01,1566.098,0.01,2004.886,0.01,2558.924,0.01,3269.334,0.01,4156.137,0.01,5210.031,0.01,6518.117,0.01,8361.061,0.01,10000,0.01566746,10000,0.03955089,10000,0.013512,10000,0.013512,10000,0.013512,10000,0.013512,10000,0.013512,10000,0.013662,10000,0.013896,10000,0.014219,10000,0.014667,10000,0.015342,10000,0.016753,10000,0.018627,10000,0.020524,10000,0.036364,10000,0.072428
220.598,0.010953,308.075,0.010855,403.971,0.010953,526.022,0.010855,672.729,0.011107,873.356,0.011152,1118.05,0.011052,1390.39,0.011008,1814.09,0.011019,2308.47,0.011008,2859.32,0.011008,3768.15,0.010931,4676.66,0.011085,7452.76,0.011085,9370.67,0.016989,2766.51,0.013485,2763.74,0.013485,2802.7,0.013472,3798.42,0.013593,3925.86,0.013621,5117.09,0.013539,6256.27,0.013607,8336.01,0.013621,8658.87,0.013938,8789.74,0.014205,9030.29,0.014711,9185.12,0.015543,9408.23,0.01652,9617.5,0.02291,9398.82,0.037848,362.6159,0.01133149,500.368,0.01107384,675.426,0.01136553,899.0542,0.01094174,1159.035,0.01120752,1485.256,0.01114048,1924.348,0.01099659,2424.407,0.01117395,3103.674,0.01109601,3949.489,0.01106277,4946.033,0.01110711,6138.532,0.01132016,8001.15,0.01091988,9380.051,0.01794993,9550.42,0.04323231,8025.19,0.013526,7341.81,0.013512,6237.53,0.013607,6831.78,0.013526,6750.29,0.013553,8719.7,0.013716,9075.56,0.013951,9231.16,0.014376,9333.26,0.014948,9550.42,0.015574,9569.54,0.017092,9559.97,0.019155,9617.5,0.021234,9417.64,0.039709,9636.76,0.076294
202.015,0.01306,287.535,0.012486,370.311,0.013021,487.526,0.012649,626.622,0.01284,807.823,0.013034,1029,0.013021,1275.81,0.013034,1659.61,0.013192,2128.86,0.012905,2621.08,0.013047,3492.39,0.012725,4123.02,0.014205,6736.8,0.013675,8564.15,0.020483,2393.09,0.013512,2385.92,0.013512,2393.09,0.013566,3191.8,0.013634,3502.88,0.013771,4488.8,0.013716,5390.21,0.013785,7363.86,0.01373,7641.43,0.014064,7913.62,0.014348,8105.84,0.014933,8419.79,0.015904,8693.58,0.017109,8994.24,0.024351,8780.95,0.041289,325.1688,0.0140917,455.9322,0.01335093,622.2512,0.01336428,823.3186,0.01307348,1064.588,0.0132578,1379.316,0.01291753,1748.201,0.01329763,2240.249,0.01304736,2830.877,0.01336428,3595.152,0.0132578,4435.259,0.01373004,5621.428,0.01345816,7408.185,0.01272522,8719.704,0.02081318,8886.962,0.04982857,6472.65,0.013553,5471.68,0.013553,5482.63,0.013675,5827.48,0.01358,6120.14,0.013675,7749.16,0.013785,8419.79,0.014064,8386.18,0.014564,8676.21,0.01522,8976.27,0.015888,9021.27,0.017559,8807.33,0.020218,9102.82,0.022479,8641.57,0.044772,8994.24,0.084995
184.443,0.015715,265.693,0.014623,330.743,0.016372,447.798,0.014963,577.867,0.015023,703.694,0.01716,932.942,0.015841,1146.35,0.016177,1476.37,0.016686,1912.83,0.015984,2343.36,0.016372,3160.04,0.015481,3726.93,0.01735,5986.97,0.017229,7866.28,0.0244,2156.71,0.013539,2086.7,0.013566,2167.52,0.013689,2902.54,0.013662,3141.14,0.013938,4001.16,0.013896,4752.09,0.013965,6524.63,0.013896,6969.79,0.014205,7153.38,0.014579,7527.66,0.015144,7772.44,0.016356,8113.95,0.017718,8512.92,0.025728,8162.78,0.045449,290.1345,0.01764736,406.4025,0.01678669,581.3446,0.01532654,743.4812,0.01599996,978.8154,0.01571453,1266.918,0.01523486,1552.067,0.01688771,2039.26,0.01573026,2528.4,0.01682029,3269.334,0.01599996,3989.182,0.0170745,5127.334,0.01624177,6770.572,0.01515887,8130.199,0.0240128,8187.31,0.05870875,5341.92,0.013553,3977.23,0.013607,4657.99,0.013771,5101.76,0.013662,5621.42,0.013785,6935.03,0.013924,7718.23,0.014219,7687.42,0.014755,7929.46,0.015574,8336.01,0.016356,8495.91,0.018058,8294.43,0.021022,8572.72,0.023893,8089.64,0.049185,8344.35,0.095736
164.571,0.019582,244.531,0.017281,298.671,0.020057,405.185,0.018239,535.041,0.017542,642.485,0.020565,841.632,0.019387,1023.86,0.020218,1302.89,0.021383,1722.17,0.019759,2101.36,0.020178,2925.85,0.018022,3282.43,0.022389,5401,0.021191,7189.24,0.029212,1961.26,0.013566,1803.24,0.013662,1959.29,0.013813,2615.84,0.013771,2879.41,0.014064,3653.13,0.014078,4369.22,0.014148,5833.31,0.014106,6325.47,0.014376,6492.09,0.014785,6818.13,0.015496,7268.75,0.01682,7595.72,0.018404,8113.95,0.02702,7610.93,0.050028,264.3687,0.02125488,368.4645,0.02031961,525.4966,0.01864516,660.7289,0.02009732,876.8564,0.01962073,1136.085,0.01887025,1393.178,0.02095939,1837.833,0.01940608,2242.49,0.0214256,2940.52,0.01969937,3613.173,0.0207301,4667.325,0.0195424,6126.268,0.01849659,7482.638,0.02829223,7588.132,0.06827811,4210.52,0.01358,3285.72,0.013648,4081.99,0.01384,4593.24,0.013771,5251.87,0.013896,6281.35,0.014064,7075.12,0.014391,7182.05,0.014948,7276.03,0.015952,7679.73,0.016905,8017.16,0.018589,7780.22,0.022012,8073.48,0.025447,7550.28,0.054412,7866.28,0.105593
144.943,0.025219,220.598,0.021191,268.632,0.024794,368.833,0.022012,475.489,0.022233,569.833,0.026091,736.083,0.025396,921.813,0.025043,1163.68,0.026698,1558.28,0.024061,1901.39,0.02467,2725.32,0.020792,2905.44,0.028548,4852.94,0.026117,6643.14,0.034144,1797.84,0.013593,1652.99,0.013744,1783.51,0.013951,2400.28,0.013882,2658.03,0.014248,3335.37,0.014276,4021.22,0.014362,5331.25,0.014319,5792.62,0.014608,6023,0.015008,6218.85,0.01592,6784.12,0.017385,7131.95,0.019155,7788.01,0.028207,7068.05,0.05579,237.3046,0.0263795,334.7367,0.02454693,469.3477,0.02332642,597.8524,0.02464532,794.2065,0.02391694,1018.762,0.02353731,1278.372,0.02491792,1659.618,0.02391694,1967.152,0.02775975,2618.461,0.02476886,3220.66,0.02611702,4110.67,0.02521873,5526.672,0.02268234,6941.97,0.0329367,6962.827,0.08101138,3419.81,0.013621,2961.17,0.01373,3764.39,0.013924,4218.94,0.013868,4906.62,0.014021,5781.05,0.014219,6531.16,0.014594,6723.34,0.015174,6743.54,0.01634,7254.23,0.017333,7542.73,0.019251,7349.15,0.023002,7550.28,0.027429,7089.29,0.060135,7385.99,0.117283
131.676,0.030526,201.008,0.025472,233.771,0.032707,333.734,0.026886,434.999,0.026565,521.831,0.031174,652.195,0.032317,820.032,0.031614,1027.97,0.03435,1375.18,0.030895,1689.76,0.031205,2441.43,0.025702,2584.64,0.035931,4343.09,0.032772,5992.96,0.041787,1671.27,0.013607,1524.37,0.013854,1630.01,0.01412,2145.96,0.014092,2429.26,0.014477,3054.41,0.014492,3697.23,0.014608,4843.25,0.014579,5230.91,0.014918,5526.67,0.015327,5740.72,0.016405,6344.48,0.017986,6683.12,0.020097,7393.38,0.029743,6730.07,0.060135,214.5075,0.03222001,302.5797,0.03007179,425.1084,0.02840563,548.0376,0.02956489,703.6938,0.03037401,911.7294,0.02935865,1145.21,0.0309257,1498.684,0.02932931,1748.201,0.03507848,2352.755,0.03055681,2911.262,0.03189941,3656.792,0.03177207,4946.033,0.02826395,6427.5,0.0384973,6440.368,0.09468826,2920,0.013662,2736.24,0.013826,3389.17,0.014035,3961.35,0.013979,4506.79,0.014205,5220.46,0.014448,5933.33,0.014844,6268.8,0.015434,6306.53,0.01677,6804.5,0.017843,7075.12,0.020077,6941.96,0.024085,7153.38,0.029271,6649.79,0.066859,7011.73,0.128843
117.371,0.03842,177.389,0.032772,209.839,0.040593,303.488,0.032446,390.077,0.033069,471.7,0.038267,577.867,0.041289,734.612,0.039314,910.818,0.043711,1231.93,0.038574,1486.74,0.040229,2233.53,0.03071,2290.08,0.04586,3894.58,0.040633,5449.83,0.050784,1561.4,0.013634,1391.78,0.013993,1486.74,0.014348,1901.39,0.014348,2209.1,0.01474,2728.04,0.014844,3352.09,0.014933,4461.95,0.014859,4752.09,0.015204,5127.33,0.015699,5374.07,0.016871,5903.73,0.018776,6319.15,0.020918,6976.76,0.031645,6344.48,0.065996,189.4917,0.04120617,278.4795,0.03539561,378.5485,0.03582292,491.442,0.03669307,638.6417,0.0370248,823.3186,0.03614677,1021.823,0.03884533,1333.207,0.03698779,1547.417,0.04459351,2051.532,0.0400684,2595,0.040229,3308.803,0.03876772,4453.036,0.03486864,5998.958,0.04428244,5850.843,0.1145018,2636.85,0.013675,2546.16,0.013882,3144.28,0.014106,3675.12,0.01412,4168.62,0.014391,4690.71,0.01477,5510.11,0.015053,5886.05,0.015683,5827.48,0.017315,6363.54,0.018423,6610.01,0.021001,6596.8,0.025219,6723.34,0.031582,6256.27,0.074261,6421.07,0.151198
107.484,0.045768,162.445,0.038962,189.491,0.050128,273.785,0.039789,357.217,0.039432,422.143,0.047588,509.456,0.053228,650.241,0.049928,831.593,0.052174,1124.78,0.046228,1317.3,0.051192,2057.69,0.036075,2051.53,0.056974,3495.88,0.050734,5015.76,0.059955,1451.48,0.013689,1271.99,0.014162,1349.3,0.014623,1718.73,0.014637,1990.9,0.015083,2520.82,0.015129,3030.07,0.015311,4143.68,0.015083,4421.97,0.015465,4733.12,0.016177,5045.95,0.017367,5411.82,0.019977,5939.26,0.022012,6603.4,0.033804,6023,0.071923,166.7249,0.05317502,253.4951,0.04263128,341.8406,0.04379801,440.6911,0.04558544,566.9912,0.04687987,728.0309,0.04636702,896.361,0.05037971,1186.002,0.04673944,1376.56,0.05629405,1769.306,0.0538708,2343.362,0.04933277,3005.928,0.04697372,3949.489,0.04432674,5477.155,0.05317502,5325.922,0.1383229,2434.12,0.01373,2327.01,0.014007,2925.85,0.014205,3423.23,0.014276,3890.68,0.014608,4317.1,0.015008,5071.24,0.015327,5537.73,0.015984,5499.1,0.017771,5856.69,0.019348,6200.22,0.0221,6126.26,0.027237,6250.02,0.03466,5844.99,0.083145,6010.96,0.17133
94.476,0.059062,146.546,0.047779,173.529,0.059895,248.724,0.048308,321.933,0.048647,385.038,0.057546,447.798,0.069102,586.014,0.061534,731.68,0.067262,1030.03,0.05529,1175.37,0.064302,1880.59,0.043406,1792.45,0.074858,3194.99,0.060497,4574.9,0.071923,1354.71,0.013744,1167.17,0.014348,1236.87,0.014888,1544.32,0.014948,1830.49,0.015403,2322.36,0.015434,2772.04,0.015667,3806.02,0.015373,4065.7,0.015841,4408.72,0.016736,4718.94,0.017968,5076.31,0.020918,5521.14,0.023443,6275.07,0.035931,5655.25,0.079885,151.6152,0.06410927,231.6772,0.05088604,302.5797,0.05590136,390.858,0.05766145,514.0621,0.057202,663.3771,0.05556696,805.4035,0.06209025,1062.461,0.05795048,1227.019,0.07113569,1544.326,0.07063948,2065.943,0.06366208,2730.778,0.05697364,3548.718,0.05473967,5010.751,0.06366208,4823.916,0.169117,2148.1,0.01384,2158.87,0.014106,2783.15,0.014262,3156.88,0.014477,3682.47,0.014785,3997.16,0.015265,4630.13,0.015667,5204.82,0.01634,5132.46,0.018368,5488.12,0.020198,5729.25,0.023608,5706.38,0.029183,5862.55,0.037811,5417.23,0.094878,5621.42,0.193948
85.2293,0.072428,132.733,0.058416,156.858,0.072791,221.482,0.060739,295.109,0.057893,341.84,0.072718,399.951,0.086539,529.717,0.075233,659.408,0.082648,926.434,0.06862,1053.99,0.079885,1718.73,0.051966,1610.56,0.092628,2862.18,0.075384,4168.62,0.086279,1253.05,0.013826,1070.99,0.014608,1138.35,0.015189,1415.64,0.01525,1636.54,0.015825,2141.67,0.015778,2548.7,0.016096,3426.66,0.015809,3802.22,0.016193,4114.78,0.017385,4426.39,0.018682,4695.41,0.022322,5230.91,0.024571,5998.95,0.038038,5320.59,0.088818,133.9338,0.08190741,211.9489,0.06092167,267.0257,0.07185062,347.7015,0.07286361,467.0069,0.06924073,603.8608,0.06739623,709.3461,0.08028554,963.279,0.07063948,1121.411,0.08465547,1379.316,0.08872925,1803.244,0.08339511,2417.144,0.07242773,3217.441,0.06652575,4524.857,0.07767936,4430.826,0.2012588,1928.2,0.013938,2000.88,0.014248,2631.58,0.014362,2917.09,0.014711,3454.18,0.015008,3723.21,0.015543,4347.43,0.015936,4887.03,0.016803,4877.27,0.01887,5056.05,0.021383,5363.33,0.024993,5299.35,0.031677,5488.12,0.041537,5035.86,0.107296,5158.19,0.229199
75.2899,0.092721,119.026,0.072355,140.8,0.090794,191.013,0.081499,269.979,0.06931,300.769,0.093746,358.29,0.107726,481.229,0.091249,596.657,0.101149,824.967,0.086539,932.942,0.101859,1558.28,0.063092,1421.32,0.119533,2613.22,0.090612,3828.93,0.102883,1169.51,0.013882,964.242,0.014963,1037.26,0.015527,1309.42,0.015527,1495.68,0.016258,2010.9,0.01608,2334,0.016636,3128.6,0.016258,3591.55,0.016586,3848.12,0.018058,4135.4,0.019582,4377.97,0.02375,4955.93,0.025935,5740.72,0.04035,4950.98,0.101149,124.2562,0.09487781,196.0452,0.07120687,236.8305,0.09088454,304.4006,0.09563989,422.143,0.08406494,538.7997,0.08474016,646.3516,0.09650454,873.356,0.08559182,1013.681,0.1035019,1235.638,0.110453,1594.543,0.106654,2095.07,0.09650454,2958.217,0.07853854,4098.357,0.09478299,4110.67,0.2338294,1796.04,0.014035,1874.95,0.014391,2456.12,0.014492,2711.72,0.014933,3236.8,0.01525,3362.16,0.015984,4098.35,0.016242,4552.08,0.017315,4584.06,0.019699,4704.81,0.022728,5071.24,0.026432,4843.25,0.035114,5173.68,0.045132,4690.71,0.120976,4681.34,0.276606
65.9796,0.120493,107.377,0.089174,128.296,0.109463,171.287,0.101554,247.236,0.082318,266.225,0.120132,319.368,0.136127,439.371,0.109026,528.13,0.128714,741.254,0.107082,843.317,0.124287,1421.32,0.076065,1241.83,0.156115,2374.02,0.109792,3523.96,0.122436,1060.33,0.014035,869.869,0.015311,949.887,0.015936,1212.38,0.015888,1372.43,0.016736,1858.16,0.016537,2156.71,0.017194,2862.18,0.016803,3395.95,0.017057,3613.17,0.018814,3875.15,0.020503,4005.17,0.025857,4667.32,0.027456,5444.39,0.043232,4584.06,0.116581,112.8823,0.1150757,179.5305,0.08448632,211.1027,0.1140447,265.4283,0.1252849,379.6859,0.1044376,490.4602,0.1023696,573.836,0.1221916,776.9247,0.1084826,914.4688,0.127433,1116.934,0.1350427,1450.035,0.1288425,1869.343,0.1210968,2692.814,0.09497275,3726.936,0.1141588,3738.133,0.2864581,1674.62,0.014148,1749.95,0.014564,2294.66,0.014652,2475.85,0.01525,3039.17,0.015481,3125.47,0.016372,3871.28,0.01657,4257.09,0.017914,4312.79,0.020524,4347.43,0.024254,4804.65,0.027871,4461.95,0.038923,4833.57,0.049829,4399.91,0.135178,4291.28,0.327207
58.1686,0.155181,96.9646,0.109136,116.203,0.132766,156.232,0.121826,225.957,0.099047,235.649,0.153023,284.105,0.172189,398.753,0.132369,471.229,0.162323,666.702,0.132634,767.657,0.149395,1292.51,0.091982,1103.61,0.199256,2178.39,0.13079,3201.39,0.151047,971.016,0.014191,781.6,0.015683,862.076,0.016454,1114.7,0.016356,1277.09,0.017177,1688.07,0.017194,2012.92,0.017736,2658.03,0.017333,3172.71,0.017665,3368.9,0.019818,3631.28,0.021576,3730.66,0.027677,4444.13,0.028806,5127.33,0.047068,4252.83,0.134638,105.567,0.1313139,166.7249,0.09796301,188.1699,0.1433933,238.2558,0.1550257,338.4392,0.1311827,450.4937,0.1218256,517.1556,0.1513494,700.8848,0.1325011,828.2734,0.1548708,1020.801,0.1613524,1325.232,0.1537904,1669.605,0.1518041,2446.325,0.1148458,3433.521,0.1342348,3362.169,0.3580214,1558.28,0.014262,1634.9,0.014726,2139.53,0.014814,2296.96,0.015512,2867.91,0.015699,2911.26,0.016854,3624.02,0.01704,3969.28,0.018552,4049.47,0.02149,4045.42,0.025883,4426.39,0.030374,4181.14,0.042546,4453.03,0.05635,4156.13,0.148501,3871.28,0.398853
51.8495,0.195506,87.825,0.133298,104.725,0.164942,141.648,0.147465,207.129,0.117989,210.681,0.191827,256.555,0.210944,360.086,0.163464,414.612,0.209054,588.951,0.170305,700.184,0.179216,1188.37,0.108809,968.107,0.257647,1977.01,0.162323,2955.25,0.181379,883.016,0.014391,703.694,0.016177,797.389,0.016905,1024.89,0.016922,1175.37,0.017825,1578.67,0.017665,1869.34,0.018386,2451.22,0.017932,2955.25,0.018386,3179.06,0.02073,3338.71,0.023257,3399.35,0.030496,4240.09,0.030283,4882.15,0.05038,3949.48,0.155959,96.9646,0.1553361,154.678,0.1134759,169.923,0.1754916,216.2305,0.1887817,299.2695,0.1681054,400.7526,0.1542525,467.0069,0.1855995,620.3871,0.170305,733.8785,0.197471,922.736,0.197471,1209.961,0.1852287,1477.849,0.1941423,2217.958,0.1398529,3188.614,0.155647,3036.138,0.445231,1439.91,0.014391,1525.9,0.014933,2018.96,0.014963,2133.12,0.015841,2658.03,0.016016,2730.77,0.017333,3450.73,0.017437,3678.79,0.019445,3817.46,0.022547,3704.64,0.028292,4069.76,0.033234,3871.28,0.047446,4123.02,0.063535,3929.79,0.165107,3595.15,0.46619
46.0324,0.248786,78.598,0.166599,96.7708,0.192403,130.235,0.174966,190.441,0.139434,191.971,0.230118,228.913,0.263379,327.125,0.197866,366.626,0.266292,520.268,0.218239,643.128,0.212638,1062.46,0.13681,843.317,0.337172,1774.62,0.2043,2797.1,0.20656,798.986,0.014637,645.06,0.016686,741.995,0.017437,966.173,0.017402,1106.92,0.018423,1488.22,0.018148,1734.27,0.01929,2262.76,0.01872,2741.72,0.019309,2984.96,0.021815,3094.37,0.024893,3116.11,0.033636,4033.3,0.031899,4634.76,0.05463,3656.79,0.182106,91.04426,0.176195,143.5015,0.1317084,152.5276,0.217368,194.2887,0.2338294,276.537,0.1966826,362.6159,0.1882162,414.198,0.235472,559.1087,0.2094723,645.0601,0.2561061,839.1113,0.2385531,1111.364,0.2202122,1327.885,0.241433,2031.119,0.1669328,2943.462,0.1826536,2714.443,0.5643043,1346.6,0.014535,1421.32,0.015144,1905.2,0.015174,1994.88,0.016145,2480.81,0.016389,2543.61,0.01795,3246.52,0.01795,3478.44,0.020218,3602.34,0.023703,3443.83,0.030587,3848.12,0.035609,3616.78,0.052488,3817.46,0.071851,3667.77,0.187278,3338.71,0.549272
43.0063,0.287606,71.2608,0.20247,89.9583,0.222871,119.145,0.209263,171.459,0.172361,178.1,0.268162,208.584,0.318172,295.699,0.242643,326.798,0.335155,463.749,0.275226,587.187,0.254574,959.433,0.167602,741.254,0.437289,1656.3,0.238077,2644.77,0.237839,724.399,0.014903,591.312,0.017315,684.948,0.018076,896.361,0.018058,1044.55,0.019098,1391.78,0.018814,1594.54,0.020421,2088.79,0.01966,2574.32,0.020198,2777.59,0.023257,2853.61,0.026912,2847.91,0.03721,3828.93,0.033838,4382.35,0.059656,3447.28,0.207181,85.22938,0.2010576,133.7999,0.1511981,138.1508,0.263642,174.9229,0.288759,245.5118,0.2487857,323.547,0.2364157,364.7982,0.3032606,497.3749,0.2652286,583.6747,0.3131219,764.5928,0.2870316,1011.655,0.2644341,1184.816,0.3029575,1825.013,0.2055299,2695.508,0.2175855,2426.832,0.7231338,1243.07,0.014726,1338.55,0.015388,1787.08,0.01545,1854.44,0.016553,2338.68,0.016753,2371.65,0.018645,3094.37,0.018423,3259.54,0.021107,3375.64,0.025168,3175.88,0.033368,3577.22,0.039001,3358.8,0.058768,3492.39,0.082896,3365.53,0.220874,3054.41,0.667537
40.0587,0.33549,64.9323,0.246557,84.2127,0.255595,110.205,0.244348,155.764,0.208636,166.391,0.30846,188.358,0.392522,262.262,0.308769,292.464,0.420563,416.69,0.341242,535.576,0.306002,859.493,0.208428,670.714,0.535175,1525.9,0.287032,2523.34,0.268431,660.068,0.01525,548.585,0.01786,643.128,0.018739,828.273,0.018965,971.987,0.020077,1292.51,0.01964,1480.8,0.021598,1945.63,0.020668,2414.72,0.021234,2610.61,0.024547,2592.4,0.029654,2597.59,0.041955,3667.77,0.035573,4118.9,0.065667,3302.19,0.228741,80.10561,0.227373,122.774,0.178679,127.2745,0.3090776,153.4455,0.3737521,223.2617,0.3014464,291.8805,0.2899163,320.3277,0.3921298,443.7868,0.3338169,524.9715,0.3870651,670.0442,0.3741261,915.3836,0.3233038,1064.588,0.3737521,1661.278,0.2492838,2488.268,0.2561061,2233.538,0.8657486,1145.2,0.014948,1254.31,0.015667,1674.62,0.015778,1749.95,0.016905,2229.07,0.01704,2215.74,0.019542,2865.05,0.019387,3024.01,0.022278,3144.28,0.027101,2970.07,0.036292,3355.45,0.042504,3122.35,0.066062,3262.8,0.092906,3097.47,0.25868,2842.22,0.779455
37.4627,0.388228,59.7606,0.293416,79.1501,0.289627,101.834,0.287032,143.071,0.24705,157.015,0.347093,175.975,0.453318,237.542,0.377886,272.147,0.488136,377.414,0.419722,490.46,0.365619,778.48,0.255084,611.762,0.651707,1390.39,0.352691,2414.72,0.301447,608.711,0.015589,508.947,0.018589,599.049,0.019562,766.123,0.020037,907.182,0.021107,1223.34,0.02034,1393.17,0.022728,1805.04,0.022012,2271.83,0.022367,2451.22,0.026039,2381.15,0.032642,2400.28,0.046646,3468.02,0.037886,3886.8,0.072283,3141.14,0.256619,75.66731,0.255339,112.2071,0.2139178,117.96,0.3605363,139.3997,0.4537713,203.4347,0.3623436,266.2258,0.3481358,281.5598,0.5075491,399.1528,0.4093592,476.9177,0.4671233,606.8876,0.4578737,845.851,0.3786426,960.3935,0.4634013,1500.183,0.3056963,2274.105,0.3078438,2105.572,0.9918727,1052.94,0.015265,1176.55,0.016,1585,0.016064,1659.61,0.017298,2116.12,0.017437,2072.15,0.020442,2698.2,0.020198,2774.82,0.023869,2958.21,0.028835,2785.94,0.039511,3144.28,0.046413,2902.54,0.07441,2859.32,0.116232,2853.61,0.302958,2692.81,0.873576
35.4934,0.43992,55.3317,0.345017,74.3918,0.330165,94.8546,0.331488,132.203,0.290206,145.961,0.404476,165.066,0.518839,215.367,0.462013,253.495,0.568269,337.763,0.528791,455.932,0.42564,714.329,0.303261,570.974,0.761732,1289.92,0.419303,2310.78,0.340561,557.991,0.01608,474.539,0.019542,564.163,0.020421,713.615,0.02117,841.632,0.022547,1153.25,0.021107,1318.62,0.023821,1679.65,0.02349,2133.12,0.023679,2260.5,0.028179,2178.39,0.036183,2198.08,0.053069,3292.3,0.040552,3704.64,0.078225,2984.96,0.291953,71.97696,0.2833243,100.5189,0.267359,106.3086,0.4434536,122.6513,0.586747,185.3684,0.4372886,233.7717,0.4510567,254.2568,0.6211632,369.5715,0.4770367,441.132,0.5465324,546.9426,0.5643043,769.1942,0.4565021,844.1611,0.6022025,1394.572,0.353044,2095.07,0.3637958,1984.937,1.137508,954.648,0.015652,1101.4,0.016389,1485.25,0.016438,1572.37,0.017718,2025.03,0.017771,1909.01,0.021749,2495.74,0.021297,2595,0.025269,2763.74,0.031174,2584.64,0.043711,2946.4,0.050886,2628.95,0.087234,2574.32,0.140413,2650.07,0.348484,2525.87,1.01393
33.5268,0.504513,50.8228,0.414716,69.5013,0.380541,87.2123,0.393702,120.342,0.351987,137.599,0.457874,154.214,0.597404,195.849,0.567133,239.21,0.642004,313.671,0.619922,422.988,0.497002,652.847,0.365619,536.648,0.882355,1197.92,0.497997,2213.52,0.384365,512.522,0.016703,434.564,0.02098,530.247,0.021426,644.415,0.023141,777.702,0.024157,1079.59,0.022322,1236.87,0.025295,1536.62,0.025498,1965.18,0.025523,2070.07,0.030957,1961.26,0.04133,2029.08,0.059536,3094.37,0.043754,3461.09,0.087934,2873.66,0.320407,67.98903,0.3175364,90.49966,0.3334832,97.64573,0.5282627,106.4149,0.7794547,173.7027,0.4989937,212.3732,0.5476265,238.0176,0.7073987,339.7957,0.5739796,408.8483,0.6413619,487.5262,0.7102337,708.6371,0.5378574,755.4726,0.7526454,1293.805,0.4118228,1961.26,0.4180466,1873.085,1.31369,871.611,0.016112,1018.76,0.016837,1383.45,0.016888,1500.18,0.018148,1905.2,0.018313,1781.73,0.023002,2331.67,0.022479,2409.9,0.027129,2564.04,0.033838,2405.08,0.04855,2730.77,0.056974,2407.49,0.101554,2294.66,0.173398,2463.5,0.399652,2374.02,1.17097
31.4798,0.590278,47.5293,0.480388,63.0764,0.467123,79.9456,0.471347,107.269,0.449706,129.586,0.520919,143.645,0.698262,180.43,0.676948,225.055,0.733329,294.225,0.712368,396.765,0.571688,600.248,0.436852,503.883,1.03235,1118.05,0.58851,2105.57,0.445677,477.872,0.017263,402.761,0.022524,493.411,0.022887,586.6,0.025244,728.759,0.02578,1006.6,0.023774,1148.65,0.027129,1393.17,0.028067,1825.01,0.027456,1922.42,0.033568,1765.77,0.047636,1901.39,0.06593,2879.41,0.048356,3302.19,0.095736,2714.44,0.373005,64.415,0.3558797,82.95898,0.3996515,89.95829,0.6236529,93.81699,1.013936,164.901,0.5575731,192.5479,0.6675364,222.8157,0.8080261,315.5587,0.670212,372.5399,0.7732436,449.5937,0.8376452,661.39,0.6180651,691.8322,0.903788,1207.543,0.4737091,1837.833,0.4794278,1779.953,1.508085,797.389,0.016586,938.556,0.017437,1277.09,0.017454,1417.06,0.018776,1772.84,0.019003,1659.61,0.0244,2204.69,0.023537,2258.24,0.02895,2400.28,0.036656,2238,0.053979,2528.4,0.064173,2178.39,0.121097,2082.53,0.205941,2308.47,0.456046,2233.53,1.37553
29.6466,0.688554,44.095,0.567133,57.7051,0.56374,74.9893,0.540013,98.6271,0.538396,121.552,0.595019,133.399,0.817781,169.244,0.77712,213.651,0.822703,278.758,0.804801,373.285,0.654973,560.788,0.504009,474.539,1.19822,1046.64,0.692698,2018.96,0.506029,442.015,0.017932,372.912,0.024278,453.204,0.024893,536.648,0.027511,658.091,0.028548,928.289,0.02578,1062.46,0.029388,1231.93,0.031995,1698.23,0.029683,1787.08,0.036583,1556.72,0.056974,1778.17,0.073009,2690.12,0.053388,3106.77,0.106122,2569.18,0.434673,61.27343,0.3952794,75.36523,0.4861871,82.29793,0.7511417,84.80429,1.257141,156.0763,0.6255265,177.389,0.7904437,209.0022,0.9174469,293.6371,0.7778971,339.1167,0.9350451,418.3608,0.974179,622.2512,0.6996598,652.1951,1.025151,1123.656,0.5476265,1718.733,0.5520253,1689.761,1.741664,739.773,0.017092,869.869,0.018076,1199.11,0.01795,1352,0.019309,1699.93,0.019523,1550.51,0.026013,2109.78,0.024449,2103.46,0.031362,2267.29,0.039472,2057.69,0.061657,2388.31,0.070217,2000.88,0.140835,1882.47,0.247793,2141.67,0.527735,2124.6,1.56649
28.0881,0.795996,41.5271,0.652359,53.7501,0.658915,71.3321,0.604012,90.1384,0.655629,113.108,0.69617,124.132,0.959675,159.388,0.890333,202.622,0.932245,262,0.929452,348.049,0.76785,526.548,0.575129,450.944,1.36867,984.706,0.804801,1949.52,0.563177,411.72,0.018682,349.794,0.026065,410.487,0.027732,481.229,0.030802,599.648,0.031709,845.005,0.028377,982.738,0.031868,1095.91,0.036693,1581.83,0.032027,1662.94,0.040108,1415.64,0.065732,1677.97,0.079965,2470.91,0.060315,2922.93,0.11858,2441.43,0.503002,57.82069,0.4483585,67.78535,0.6125275,77.11874,0.8605697,79.46734,1.444611,146.9872,0.7109443,160.0275,0.9761292,197.4223,1.028231,271.0612,0.9202036,313.3575,1.095094,383.5018,1.167471,581.9263,0.8056058,610.5399,1.182747,1043.508,0.6356156,1552.067,0.6885542,1621.882,1.963721,702.288,0.017489,803.794,0.018889,1113.58,0.018571,1265.65,0.020259,1618.64,0.020178,1450.03,0.027815,1975.03,0.025987,1967.15,0.033669,2103.46,0.043623,1878.71,0.071635,2222.39,0.079011,1834.16,0.164942,1729.07,0.289916,2012.92,0.593831,2006.89,1.84013
26.1107,0.967384,38.7971,0.764785,50.6706,0.748143,67.3798,0.683068,84.0444,0.770928,107.055,0.788865,116.32,1.11164,151.615,1.00184,192.933,1.049,246.989,1.06485,326.798,0.886778,503.883,0.634346,426.385,1.59814,931.078,0.925742,1878.71,0.629921,381.97,0.019699,323.223,0.028377,381.97,0.030253,434.999,0.034522,539.878,0.035966,758.5,0.031995,919.052,0.034418,986.677,0.041955,1461.68,0.035184,1542.78,0.044327,1289.92,0.076065,1567.66,0.089174,2324.69,0.066062,2741.72,0.133565,2334,0.575704,54.83599,0.5035049,62.38634,0.7347968,72.049,1.002844,74.2432,1.673372,135.6863,0.8309708,149.9565,1.119452,186.1114,1.155854,253.4951,1.064857,293.3436,1.26218,356.5036,1.355052,527.0756,0.9751536,569.8332,1.359124,973.9337,0.7304016,1435.606,0.8128889,1561.407,2.209666,667.369,0.01795,749.453,0.019699,1027.97,0.019406,1170.68,0.021426,1525.9,0.021001,1345.26,0.030162,1852.59,0.027732,1874.95,0.035644,1975.03,0.047923,1737.74,0.081336,2020.98,0.092443,1676.29,0.195115,1597.73,0.337847,1890.01,0.672226,1924.34,2.0935
24.6394,1.13864,36.6109,0.881474,47.8153,0.851156,63.3292,0.788865,79.5468,0.87183,100.72,0.905598,110.536,1.25588,143.358,1.14549,183.34,1.19105,234.943,1.20423,309.31,1.01191,480.748,0.70036,408.031,1.8273,880.371,1.07555,1808.66,0.713081,349.095,0.021064,296.588,0.031237,353.309,0.033168,397.559,0.038459,482.675,0.041537,662.714,0.037773,854.352,0.037472,888.33,0.048211,1354.71,0.038574,1409.99,0.050028,1155.56,0.091615,1447.13,0.101859,2143.81,0.074933,2569.18,0.152108,2229.07,0.666203,52.05738,0.562614,58.28511,0.8528594,66.17789,1.194634,69.01655,1.971592,124.8791,0.9908813,141.0826,1.277417,174.9229,1.309755,235.8851,1.244632,272.6925,1.46938,340.8166,1.487119,490.4602,1.126189,534.5065,1.563365,913.5546,0.8334673,1327.885,0.9654505,1516.776,2.420179,622.251,0.018645,689.76,0.020897,971.987,0.020057,1118.05,0.022322,1457.3,0.02188,1230.7,0.033334,1725.62,0.029862,1787.08,0.037773,1871.21,0.05181,1535.08,0.099942,1841.51,0.108266,1552.06,0.224661,1476.37,0.394095,1776.39,0.766316,1837.83,2.41534
23.0196,1.39213,34.6517,1.01089,45.4379,0.955844,59.8802,0.896587,74.8395,1.00485,94.5705,1.0511,104.307,1.44461,137.187,1.27614,174.748,1.34157,221.704,1.38658,293.05,1.15124,458.676,0.779455,388.908,2.1019,846.697,1.19822,1746.45,0.798388,322.255,0.022547,262.787,0.035823,324.194,0.037099,357.217,0.044238,432.397,0.048356,573.836,0.046044,791.827,0.041454,810.25,0.055014,1259.33,0.042376,1288.64,0.057088,1047.69,0.107189,1331.87,0.1174,1984.93,0.084995,2405.08,0.173919,2156.71,0.73848,49.37019,0.6324455,54.56249,0.9879134,61.45754,1.399116,64.93238,2.261077,114.7029,1.180384,132.3362,1.462051,165.7276,1.457672,219.718,1.446057,254.0027,1.708885,323.8707,1.660038,460.5144,1.277417,505.9025,1.767986,851.7929,0.9558443,1218.46,1.163974,1452.938,2.78387,586.014,0.019387,647.645,0.02199,926.434,0.02073,1069.92,0.023233,1383.45,0.022956,1136.08,0.036693,1594.54,0.032511,1693.14,0.040593,1755.2,0.057088,1357.42,0.123296,1669.6,0.128714,1407.17,0.268968,1357.42,0.462938,1681.33,0.865749,1764,2.75892
21.875,1.62554,32.9617,1.15932,43.3517,1.06592,56.9598,1.00988,71.8331,1.1072,88.8852,1.21998,97.6457,1.70206,131.019,1.4331,166.724,1.51716,208.793,1.61905,279.037,1.30192,435.87,0.876201,373.285,2.39849,813.498,1.34291,1684.69,0.903788,299.569,0.024109,236.357,0.040837,294.519,0.042376,326.798,0.050128,388.131,0.056633,502.373,0.055845,744.225,0.044952,739.033,0.063029,1142.92,0.048453,1176.55,0.065274,971.016,0.122681,1225.79,0.136264,1817.72,0.097963,2235.77,0.201662,2114.01,0.792026,46.96239,0.7102337,51.28236,1.136371,57.35995,1.615817,61.51903,2.577556,107.4844,1.356408,125.8821,1.638598,156.5453,1.630425,208.5847,1.620672,239.2107,1.951974,306.8455,1.875436,433.6961,1.440284,475.9649,2.027576,806.2093,1.074483,1124.78,1.39632,1397.364,3.167181,549.134,0.020259,581.926,0.024061,875.98,0.021598,1011.65,0.024376,1321.26,0.023893,1072.06,0.039789,1467.53,0.035823,1607.35,0.043623,1634.9,0.064045,1213.59,0.151047,1524.37,0.151652,1312.04,0.305696,1255.56,0.538396,1594.54,0.971261,1696.53,3.16085
20.9963,1.86421,31.3228,1.33487,41.9025,1.15932,54.399,1.13296,68.8786,1.22732,84.974,1.37004,93.3491,1.91332,124.38,1.64023,158.118,1.75916,199.805,1.82,265.428,1.48414,414.612,0.980042,358.649,2.77553,780.819,1.51867,1620.26,1.03545,274.059,0.026248,214.507,0.046553,268.095,0.048501,297.182,0.057546,351.899,0.065601,427.239,0.071421,685.633,0.050329,654.809,0.075761,1025.91,0.056463,1083.92,0.074261,875.98,0.148352,1134.94,0.157054,1703.33,0.109463,2037.22,0.242158,2070.07,0.84353,43.83124,0.8259999,48.24764,1.308446,53.48208,1.884837,58.22685,2.92953,100.5189,1.55246,118.9074,1.853065,147.8717,1.840139,198.2136,1.818189,227.3169,2.187679,290.4248,2.125148,408.0314,1.625541,446.9041,2.332268,753.2096,1.238425,1063.524,1.585406,1352.003,3.553178,515.091,0.021212,529.717,0.026195,824.142,0.02266,955.603,0.025883,1239.35,0.025371,995.597,0.04415,1366.95,0.039197,1500.18,0.048163,1522.85,0.071635,1089.35,0.183937,1386.22,0.179216,1202.72,0.361258,1162.51,0.621785,1495.68,1.11498,1631.64,3.59967
20.1932,2.09979,29.6762,1.55401,40.2193,1.27869,51.9533,1.27231,65.2578,1.40051,80.6683,1.56336,88.5304,2.21187,119.384,1.84013,149.059,2.0541,192.933,1.99938,252.23,1.70206,395.972,1.08854,345.967,3.17987,750.953,1.70206,1553.61,1.20664,245.511,0.029241,193.126,0.053979,242.825,0.056125,267.56,0.067531,318.73,0.076753,379.306,0.086625,632.287,0.056633,575.56,0.093465,940.435,0.064495,989.642,0.085935,777.702,0.185044,1051.88,0.181379,1561.4,0.127051,1858.16,0.29283,2039.26,0.888554,41.90255,0.9183647,45.34712,1.509594,50.16645,2.176768,55.11084,3.359668,95.61655,1.727786,113.5617,2.054107,140.66,2.045907,187.2314,2.064403,215.7985,2.46907,272.1476,2.464137,386.1957,1.814556,424.6834,2.637527,706.5144,1.416006,1015.71,1.769755,1302.894,4.04646,477.394,0.022502,483.158,0.028806,771.505,0.024013,887.442,0.027843,1133.81,0.027788,930.147,0.048842,1288.64,0.042589,1400.16,0.053442,1402.96,0.082071,968.107,0.228284,1274.54,0.209472,1113.58,0.418884,1062.46,0.742925,1393.17,1.30975,1561.4,4.19479
19.3433,2.39131,28.3137,1.7804,38.6422,1.416,49.4195,1.45476,62.6364,1.56336,76.4278,1.80731,84.6348,2.5341,113.902,2.09141,141.082,2.41051,184.628,2.2656,242.34,1.90187,378.17,1.22487,333.067,3.72044,718.627,1.97159,1497.18,1.38381,221.261,0.03274,176.857,0.061472,213.437,0.068415,241.856,0.07909,291.88,0.088552,335.406,0.107082,585.428,0.063853,522.353,0.110122,850.941,0.075384,901.755,0.100042,710.055,0.220874,971.016,0.211789,1450.03,0.144979,1715.29,0.345707,1984.93,0.972233,39.62051,1.050052,42.49333,1.759168,47.52931,2.461674,52.05738,3.883911,89.6888,1.985441,108.0232,2.302145,133.9338,2.279239,178.6351,2.288373,204.659,2.781087,256.8121,2.845793,365.5286,2.019483,406.4025,2.944215,664.0408,1.627167,974.9081,1.967653,1250.555,4.68255,437.617,0.024109,431.964,0.032479,732.412,0.025244,817.575,0.030374,1049.78,0.030223,856.062,0.05529,1196.72,0.047304,1323.9,0.05795,1296.39,0.093279,869,0.278549,1159.03,0.250033,1019.78,0.497997,983.721,0.86835,1313.35,1.50657,1497.18,4.90298
18.5292,2.74791,27.0137,2.0541,37.0529,1.56963,47.1977,1.65672,59.5816,1.79291,72.9188,2.06647,80.5877,2.92075,108.347,2.40329,133.933,2.80623,177.744,2.52651,230.983,2.19206,360.446,1.38242,322.255,4.30959,688.381,2.27696,1437.04,1.60615,199.805,0.03684,160.187,0.071635,192.933,0.080446,214.937,0.096215,266.492,0.102677,302.579,0.128072,532.372,0.074187,474.539,0.129877,778.48,0.087321,824.967,0.116698,639.28,0.2714,894.57,0.249035,1334.54,0.168611,1599.33,0.402459,1930.12,1.06698,37.46275,1.198223,40.13894,2.023525,45.25652,2.77553,49.41957,4.431965,85.31464,2.21409,103.3732,2.551908,126.6396,2.593068,169.7532,2.5853,191.9711,3.240872,240.6503,3.326239,347.0068,2.252051,387.7436,3.293142,627.8766,1.834627,936.6814,2.189868,1205.13,5.375455,406.809,0.025805,379.306,0.038,682.896,0.02702,750.953,0.033368,969.076,0.033135,784.733,0.063345,1110.25,0.05291,1241.83,0.064173,1212.38,0.104438,769.963,0.349182,1055.04,0.299344,937.618,0.589688,892.782,1.06379,1222.12,1.79291,1448.58,5.5447
17.767,3.16718,25.8509,2.351,35.5644,1.74515,45.2113,1.87543,56.9029,2.03774,69.7101,2.3557,77.0416,3.34625,104.099,2.70159,128.04,3.23439,170.263,2.89748,220.157,2.5341,344.586,1.55401,311.171,5.01705,660.068,2.6428,1386.22,1.84566,186.483,0.040189,144.076,0.08474,171.287,0.098356,195.849,0.112797,243.799,0.119892,270.79,0.155959,465.142,0.092721,432.397,0.15379,714.329,0.101351,753.209,0.136947,573.836,0.33482,809.44,0.305086,1241.83,0.193367,1507.7,0.456502,1871.21,1.18038,35.35172,1.368671,37.76365,2.322959,42.96332,3.135668,47.19777,5.047248,81.23498,2.47154,98.52849,2.854344,120.5839,2.917835,162.2836,2.885916,182.7913,3.661389,227.0896,3.864539,331.7377,2.486414,369.5715,3.690797,601.4503,2.013433,899.0542,2.449396,1164.844,6.121722,375.156,0.027899,338.1,0.04446,638.641,0.029125,685.633,0.037285,899.953,0.036219,717.909,0.073229,1018.76,0.060255,1159.03,0.071707,1124.78,0.118225,685.633,0.435108,966.173,0.355524,861.214,0.701061,825.792,1.25588,1157.87,2.0541,1397.36,6.36519
17.1217,3.59967,24.7877,2.68006,33.7961,1.98544,43.3084,2.11878,54.0195,2.37225,66.7094,2.67471,73.6516,3.85296,99.8177,3.08898,122.283,3.70929,163.587,3.31296,210.26,2.92953,328.436,1.76269,300.469,5.89346,636.728,3.05824,1337.21,2.10821,173.355,0.044327,130.757,0.099742,154.368,0.1174,174.748,0.137495,221.704,0.142393,242.34,0.192595,420.457,0.110453,388.131,0.186903,647.645,0.118937,678.811,0.1661,521.831,0.405692,737.557,0.368188,1160.19,0.220874,1428.44,0.513677,1810.47,1.32689,33.49336,1.543173,35.7785,2.664035,40.13894,3.720442,45.39249,5.606032,77.27312,2.77553,94.38158,3.154539,115.0475,3.266902,155.6089,3.176698,174.3989,4.128206,216.0144,4.423108,314.2989,2.797824,352.6036,4.15305,575.5601,2.231873,868.1315,2.690809,1120.29,7.140935,347.354,0.030132,306.845,0.051192,600.849,0.031112,632.287,0.041579,846.697,0.039197,660.068,0.084233,947.989,0.068006,1074.21,0.08158,1026.94,0.138185,609.32,0.548175,842.474,0.462475,800.585,0.812077,764.592,1.47674,1088.26,2.42018,1350.65,7.25611
16.5328,4.10761,23.626,3.15454,32.6011,2.19864,42.0284,2.32295,51.9014,2.66403,64.3506,2.97678,70.9054,4.33986,96.0958,3.49678,117.842,4.19898,158.118,3.78423,202.825,3.3329,314.613,1.98345,291.88,6.87467,620.387,3.41385,1295.09,2.3937,163.423,0.048163,117.842,0.119175,139.26,0.141117,159.388,0.163464,202.015,0.169625,215.152,0.240951,371.795,0.137084,351.196,0.225561,597.254,0.136947,594.276,0.211366,475.489,0.491073,674.751,0.446122,1068.85,0.258163,1361.5,0.57398,1741.22,1.5324,31.82802,1.734711,33.79615,3.061308,38.02892,4.258183,43.48199,6.365186,73.79907,3.092073,89.50961,3.560291,110.2054,3.632215,149.5074,3.521343,166.8917,4.659197,206.0966,5.017055,301.0706,3.088983,339.1167,4.622071,551.3356,2.46907,840.7913,2.958972,1076.363,8.363226,318.411,0.033168,276.537,0.059835,566.424,0.033368,586.014,0.046136,800.585,0.042546,597.852,0.099942,862.938,0.079407,986.677,0.094405,936.681,0.162161,550.234,0.668205,766.89,0.554792,736.82,0.962559,710.055,1.73124,1038.3,2.74242,1297.69,8.50662
16.0121,4.66386,22.8362,3.57456,31.2602,2.47648,40.7863,2.56983,49.7667,3.01271,62.0752,3.32956,68.9475,4.81551,93.1625,3.87227,114.016,4.72016,153.292,4.3139,197.817,3.67974,300.469,2.26107,284.674,7.99522,602.654,3.89168,1244.31,2.79782,150.106,0.05463,105.672,0.14527,123.76,0.175492,144.654,0.197274,183.891,0.202875,193.126,0.297851,337.763,0.1633,318.73,0.270316,550.234,0.15895,548.585,0.246803,445.565,0.56374,615.443,0.540554,988.652,0.300544,1282.21,0.660234,1672.94,1.77507,30.18506,1.971592,31.89175,3.546079,36.35555,4.7676,41.98645,7.098217,69.22392,3.603272,84.88913,4.087129,105.1456,4.087129,142.6431,3.966335,159.0702,5.327294,198.0154,5.679389,287.8227,3.42069,326.1458,5.128655,528.1308,2.731475,812.6849,3.270171,1040.382,9.552898,287.247,0.03766,249.971,0.070217,530.778,0.036075,516.638,0.055179,755.472,0.04609,535.576,0.121097,778.48,0.094216,914.468,0.107403,869.869,0.185044,493.905,0.829311,685.633,0.694085,683.58,1.1307,660.068,2.03366,992.615,3.10136,1258.08,9.68758
15.5544,5.24273,21.9188,4.1572,30.0946,2.76445,39.3441,2.912,47.959,3.43096,60.1804,3.69449,67.1109,5.3433,90.8624,4.26244,110.426,5.4024,148.91,4.9473,192.933,4.09122,288.11,2.56726,278.758,9.16915,587.774,4.47203,1199.11,3.27671,138.704,0.06135,94.7598,0.177966,110.426,0.218239,131.807,0.236179,166.225,0.246064,176.68,0.355169,309.001,0.192981,293.05,0.320087,503.379,0.186903,506.915,0.286745,417.107,0.652359,559.668,0.660234,911.729,0.353044,1212.38,0.754907,1600.93,2.08515,28.68423,2.227414,30.36671,4.03434,34.34125,5.495025,40.46133,8.011228,65.71626,4.095311,80.50716,4.654539,100.1177,4.626695,136.5029,4.440837,152.3751,6.018534,190.061,6.480798,274.608,3.837582,313.3575,5.74795,503.883,3.061308,786.304,3.606877,1011.655,10.77087,261.215,0.042717,225.957,0.083312,498.37,0.039432,476.917,0.062589,696.692,0.051862,486.065,0.14368,710.766,0.110012,854.352,0.120493,800.585,0.215205,450.043,1.00084,626.622,0.830971,632.919,1.33088,631.023,2.26334,957.516,3.45852,1218.45,11.0435
15.2008,5.82316,21.1438,4.7915,28.9435,3.11068,38.488,3.16718,46.2632,3.88779,58.4602,4.1489,65.3885,6.0005,88.177,4.74857,107.699,6.06081,145.379,5.58365,188.735,4.52149,276.813,2.912,272.965,10.6105,573.262,5.14406,1154.4,3.82226,128.296,0.069172,84.2127,0.223988,98.0371,0.273033,120.102,0.281348,149.507,0.304781,158.911,0.438602,280.435,0.231503,261.215,0.402057,458.676,0.222871,473.117,0.329835,392.424,0.748143,504.891,0.825174,854.352,0.401253,1146.35,0.873576,1538.16,2.44694,27.50444,2.461674,28.74165,4.649887,32.6664,6.282974,39.22629,8.915973,62.07518,4.729611,76.88771,5.25323,96.19199,5.200961,131.2817,4.932485,146.4005,6.833545,183.8913,7.256111,262.5246,4.288097,300.1687,6.493771,481.2294,3.42069,765.3578,3.942608,980.7751,12.40184,240.891,0.047923,203.434,0.099842,460.054,0.044106,434.999,0.072283,641.843,0.058474,434.999,0.175843,656.12,0.125913,798.187,0.13572,736.083,0.251789,415.027,1.18274,576.136,0.978084,591.903,1.54317,599.648,2.54426,932.009,3.77667,1177.72,12.7412
14.8551,6.45493,20.437,5.56136,27.948,3.47934,37.3132,3.56029,45.0758,4.3529,56.9029,4.63132,63.8378,6.86093,86.604,5.16468,104.83,7.02056,140.941,6.55248,184.443,5.04725,267.292,3.29643,267.56,12.3276,559.108,5.89346,1114.7,4.47203,119.145,0.077913,74.8395,0.282758,89.2415,0.328518,109.218,0.338523,134.336,0.376378,148.91,0.500994,256.812,0.273853,233.771,0.504009,414.612,0.269506,433.262,0.394095,370.311,0.853713,464.213,0.994853,795.796,0.465724,1076.36,1.02823,1488.22,2.80062,26.13688,2.789443,27.09495,5.424052,30.98016,7.26337,37.95295,10.08294,58.87086,5.451241,73.72532,5.923002,92.05128,5.881686,126.008,5.51705,141.0826,7.813428,178.1,8.173064,251.9787,4.777143,289.2654,7.256111,458.6759,3.868405,742.7382,4.36598,954.6486,14.06719,218.403,0.055345,185.183,0.117871,412.544,0.051603,386.582,0.087234,588.951,0.066459,393.997,0.209682,583.674,0.154561,719.346,0.1633,676.778,0.294887,386.195,1.37553,530.247,1.16048,552.439,1.78754,572.117,2.8401,901.755,4.2116,1145.2,14.4233
14.5755,7.16956,19.833,6.38431,27.2307,3.87227,36.3192,4.01422,43.8751,4.91771,55.4979,5.2218,62.1373,7.97925,84.8891,5.70215,102.447,7.97925,137.187,7.54469,180.25,5.66237,257.583,3.73162,261.215,14.8625,546.396,6.80627,1081.75,5.13892,109.655,0.088996,68.9475,0.335155,81.5606,0.39449,99.6183,0.407318,117.606,0.491565,133.532,0.626779,236.121,0.321691,209.839,0.634346,374.033,0.329835,399.552,0.461551,349.794,0.982986,424.683,1.20905,743.481,0.538396,1015.71,1.20664,1438.48,3.21183,25.01179,3.107573,25.51706,6.384312,29.61697,8.23048,36.75768,11.50573,56.28042,6.121722,70.55172,6.671494,89.06317,6.47432,121.674,6.121722,136.3664,8.95171,173.0092,9.307723,242.0985,5.359352,280.1555,8.075577,438.4931,4.352902,721.5081,4.839652,929.218,16.11654,199.008,0.063662,166.225,0.142251,374.033,0.059715,344.586,0.10591,537.185,0.076753,358.29,0.250033,538.261,0.179754,664.705,0.189918,629.763,0.337847,357.574,1.63042,480.267,1.41742,521.831,2.03774,545.304,3.20541,878.612,4.64059,1122.53,15.9721
14.3155,8.05944,19.2853,7.21992,26.3731,4.32686,35.2811,4.61283,42.6636,5.58924,54.1819,5.92893,60.7852,9.22433,83.2082,6.32711,100.318,9.13254,133.666,8.8715,176.504,6.38431,249.721,4.20739,255.531,17.7049,533.972,7.91567,1053.99,5.82899,100.619,0.102472,62.4487,0.406911,74.5407,0.472763,92.8835,0.470875,104.412,0.629921,121.188,0.770157,219.059,0.373005,187.231,0.808026,341.84,0.393308,363.342,0.560929,332.734,1.11164,400.752,1.38381,689.07,0.634346,971.987,1.3673,1394.57,3.70559,23.79196,3.510794,24.22409,7.351056,28.54116,9.169147,35.60005,13.42133,53.58914,7.006537,67.8532,7.462152,85.91394,7.198294,116.7863,6.895327,130.7577,10.63175,167.7283,10.65303,234.7086,5.917083,269.9791,9.059778,419.6178,4.888292,702.288,5.397001,907.1821,18.29899,181.879,0.073522,147.134,0.176195,326.472,0.074484,307.152,0.130007,491.933,0.088375,322.577,0.304476,492.918,0.210733,607.494,0.225336,569.833,0.40895,336.414,1.87168,443.786,1.65838,488.991,2.35806,521.831,3.57813,856.062,5.14921,1102.5,17.7404
14.0461,9.12342,18.9035,8.18943,25.4915,4.95225,34.2726,5.26901,41.6519,6.35247,52.8441,6.79267,59.522,10.7278,81.6422,7.04166,98.43,10.5787,131.15,10.1537,172.663,7.27064,243.799,4.69662,251.475,20.4676,521.309,9.35438,1032.09,6.50677,91.1353,0.122314,57.3599,0.484731,67.178,0.583821,84.8891,0.566,91.8674,0.829311,110.647,0.941614,200.205,0.446122,170.093,0.994853,312.418,0.470405,336.078,0.66288,314.928,1.27359,383.118,1.54471,653.5,0.713794,929.217,1.56493,1371.06,4.02628,22.60899,3.982233,23.06572,8.481133,27.78086,9.992599,34.61708,15.48459,51.12873,8.067502,65.12746,8.438833,83.79271,7.86045,112.3193,7.766692,126.6396,12.31534,161.3128,12.67771,228.6848,6.526322,261.2152,10.22509,404.7802,5.407805,684.9484,6.036615,890.1085,20.26401,166.724,0.08508,132.866,0.212638,290.715,0.090885,272.147,0.160869,450.493,0.102267,290.715,0.367452,444.23,0.256106,554.099,0.266825,521.831,0.483279,319.687,2.0977,410.897,1.95392,460.054,2.7342,498.37,4.01823,837.434,5.69645,1079.59,20.1226
13.8924,10.0627,18.5292,9.1967,24.7381,5.6285,33.3596,6.04265,40.7048,7.15523,51.6426,7.79002,58.1686,12.6777,80.3463,7.80562,95.9998,12.6018,128.296,11.9394,168.4,8.51513,236.121,5.44035,247.483,23.5669,512.522,10.653,1006.6,7.42493,83.2914,0.143393,52.1094,0.596211,61.0899,0.713794,77.8938,0.677625,85.9139,0.959675,101.529,1.14092,183.157,0.533039,155.608,1.21268,281.841,0.579748,310.86,0.788865,302.579,1.41884,364.069,1.76445,626.622,0.788076,887.442,1.80009,1345.26,4.37035,21.46336,4.516977,22.40642,9.289128,26.95982,11.21043,33.69492,17.84719,48.78128,9.401265,62.88743,9.44839,81.47906,8.748168,108.1312,8.76568,122.8969,14.23701,156.5453,14.5537,223.0386,7.21992,254.0027,11.37986,390.077,6.018534,672.7297,6.658163,871.611,22.73366,152.527,0.099245,116.203,0.275777,259.652,0.110232,238.732,0.204505,403.971,0.123791,259.133,0.456502,386.195,0.333817,495.885,0.32819,477.394,0.569976,305.01,2.351,385.809,2.2341,435.87,3.12003,476.441,4.56237,824.967,6.17089,1060.33,22.2835
13.713,11.2104,18.1623,10.4734,24.1273,6.31447,32.4385,7.02759,39.8988,8.04334,50.62,8.91597,57.2453,14.6999,78.913,8.79202,94.0988,14.952,125.756,13.983,165.066,9.74588,230.983,6.10338,242.825,28.6126,503.379,12.1806,973.933,8.96066,77.2731,0.164283,47.2922,0.739219,55.6647,0.869219,72.6277,0.791235,81.8056,1.07233,96.6741,1.28767,169.075,0.628034,145.816,1.40191,258.357,0.695475,288.976,0.935045,293.93,1.53087,349.794,1.97553,606.281,0.853713,849.241,2.08306,1319.94,4.80589,20.45746,5.072548,21.89695,10.07286,26.11076,12.7158,32.96173,20.38596,46.86854,10.72787,60.60313,10.64239,79.86568,9.591187,103.8914,10.04269,118.6699,16.89209,152.0707,16.87521,216.6634,8.173064,247.4837,12.66504,374.4073,6.806267,657.4335,7.424934,854.3519,25.32638,139.958,0.115768,104.725,0.34022,230.291,0.135448,214.722,0.249533,364.433,0.149245,234.005,0.554792,334.736,0.434238,454.112,0.388617,440.25,0.670212,286.673,2.72329,362.978,2.55446,417.942,3.46891,455.932,5.12865,804.598,6.90222,1035.19,25.6834
13.5494,12.7285,17.8026,12.0956,23.7206,6.91604,31.5744,8.32984,39.1087,9.12342,49.5185,10.5154,56.2804,17.4588,77.6604,9.82416,92.6052,17.4588,123.142,16.8078,161.797,11.2891,225.055,7.02056,238.732,34.1529,494.399,13.8994,947.989,10.3796,70.4107,0.195506,43.0063,0.913785,51.6942,1.02105,67.7176,0.926668,78.2842,1.18393,92.1434,1.4533,155.764,0.745157,139.958,1.5509,240.169,0.815332,268.901,1.1072,283.537,1.6885,336.414,2.20084,572.689,0.976129,817.575,2.37225,1287.35,5.42405,19.63567,5.622877,21.33498,11.14337,25.44063,14.16601,32.11578,23.97104,45.0308,12.46401,58.28511,12.19279,77.81593,10.71714,100.9218,11.10999,115.6242,19.48891,147.2814,20.59084,210.681,9.345026,240.8911,14.39449,360.4467,7.628141,643.7714,8.363226,838.2726,28.49837,128.425,0.134773,89.3307,0.468996,209.839,0.159428,197.817,0.29137,330.413,0.178679,214.507,0.656941,298.074,0.544895,412.132,0.470875,398.753,0.818599,273.238,3.0705,343.21,2.8888,402.761,3.82608,434.13,5.90526,788.666,7.72023,1015.71,28.584
13.3878,14.7588,17.4676,14.011,23.3909,7.62051,31.1043,9.2613,38.565,10.1639,48.6838,12.1562,55.6647,20.0223,76.5808,10.89,91.3178,20.3045,120.825,20.1427,158.911,12.9986,219.498,8.14044,235.649,39.839,485.094,16.3437,923.659,12.0956,64.222,0.232431,39.4623,1.11387,47.7198,1.2212,64.222,1.05005,75.4406,1.29413,87.1252,1.67002,142.785,0.896587,134.47,1.71745,223.261,0.964486,248.227,1.33354,273.511,1.87168,321.29,2.49887,552.992,1.06272,787.878,2.69889,1255.56,6.12785,19.03631,6.109492,20.76664,12.45155,24.8125,16.00411,31.47984,27.85038,43.56903,14.48112,56.22415,13.99703,75.59169,12.29072,98.23337,12.36469,113.2215,22.39519,143.5015,24.21195,205.8906,10.49443,234.0055,16.64061,348.7462,8.523646,631.6552,9.438948,822.4958,31.55863,115.393,0.162974,78.3625,0.610082,190.061,0.191061,179.171,0.349531,302.882,0.212426,197.817,0.775567,269.979,0.660895,383.885,0.543263,372.167,0.939732,260.432,3.47934,327.453,3.19581,386.195,4.27098,417.107,6.60511,770.734,8.85378,997.59,31.4012
13.2414,16.7407,17.1903,16.0682,23.1119,8.27173,30.4884,10.653,38.0289,11.2666,47.911,14.0953,55.1108,23.2626,75.3652,12.2907,90.2285,24.0912,118.788,23.995,155.608,15.75,213.011,9.79473,232.141,49.2962,477.394,18.9697,898.155,14.294,58.1105,0.282193,36.2829,1.35912,44.7614,1.4231,60.7244,1.19344,72.9188,1.40472,82.5452,1.93062,128.939,1.12506,128.296,1.94418,210.891,1.10278,229.831,1.62716,265.163,2.04386,311.794,2.7342,532.905,1.16513,763.828,3.05213,1225.79,6.96462,18.43679,6.691537,20.33508,13.77486,24.34551,17.91871,30.8565,33.01121,42.15472,16.9598,54.39906,16.44211,73.65163,14.02505,95.90382,13.83007,110.6471,25.91564,139.9585,28.87127,199.8056,12.04735,228.6848,18.8186,340.4759,9.326356,621.6291,10.57872,804.5986,35.36942,106.627,0.187465,69.0165,0.798388,174.922,0.222203,161.959,0.423094,270.249,0.26259,183.157,0.906504,241.856,0.823526,352.603,0.645222,342.524,1.11387,250.221,3.87227,310.549,3.59967,368.096,4.85419,403.567,7.29978,754.717,10.225,980.775,34.0846
13.1358,18.9697,16.9174,18.5569,22.7678,9.22433,30.0045,12.0956,37.5002,12.5892,47.1506,16.6906,54.617,27.2171,74.2432,14.1943,89.4201,27.3809,116.786,28.8712,153.292,18.5014,209.211,11.2104,227.544,64.7056,470.758,21.8204,875.104,16.8752,53.3752,0.333817,33.9655,1.59974,42.1126,1.64187,57.9944,1.33621,69.2931,1.59335,78.9919,2.17242,120.342,1.31632,124.38,2.11878,199.406,1.26344,220.598,1.82365,256.299,2.26107,300.769,3.0613,514.576,1.27869,747.208,3.38327,1191.94,8.0675,17.8383,7.351056,19.9125,15.11739,23.93514,19.94236,30.30605,38.58437,41.15506,19.50842,53.16214,18.63135,71.83316,15.84487,93.72322,15.37658,108.5647,29.60215,136.9129,33.57721,195.0674,13.6378,222.593,21.77682,330.744,10.45254,610.5399,12.04735,790.2452,39.16751,99.1214,0.215636,63.7103,0.950127,159.229,0.266026,147.871,0.505523,242.34,0.322981,171.459,1.04481,217.097,1.02208,322.9,0.775567,314.613,1.32822,240.409,4.30528,296.884,4.00219,350.144,5.58924,390.077,8.14044,739.773,11.6796,967.14,36.7393
13.0312,21.4097,16.6323,21.7986,22.4288,10.3588,29.6466,13.7611,36.9419,14.5101,46.4486,20.1025,54.1277,32.7481,73.1378,16.6739,88.5304,31.4012,115.393,34.3241,150.708,22.8933,205.273,12.9986,223.708,84.0027,465.142,25.1748,853.498,19.6258,48.8789,0.400051,32.18,1.8383,39.5018,1.92676,55.0557,1.52629,66.6427,1.76445,75.9706,2.42502,115.162,1.46791,119.264,2.38414,189.491,1.43453,211.948,2.03774,246.249,2.54935,293.05,3.34625,497.374,1.40472,733.145,3.72789,1160.19,9.42009,17.3111,8.14044,19.44029,17.26784,23.36753,23.30917,29.73567,46.47192,40.09882,22.96213,51.84956,21.53859,70.12968,17.84719,91.95929,17.26784,106.628,33.88076,133.6662,40.15903,190.632,15.57778,218.1853,24.43085,322.2554,11.58655,599.6486,13.71988,776.1482,42.81324,91.5922,0.250784,57.9944,1.17215,146.107,0.315637,133.933,0.611304,217.749,0.396864,156.858,1.25839,195.067,1.27614,295.699,0.927595,290.715,1.5712,230.291,4.87852,286.96,4.41869,329.094,6.55903,375.908,9.2613,726.576,13.2745,943.261,41.1345
12.8886,25.4533,16.4011,25.7348,22.117,11.797,29.4103,15.2693,36.3919,16.909,45.8487,23.9231,53.8577,38.2004,72.121,19.7439,87.3869,39.4821,113.561,42.5571,148.91,27.2443,201.41,15.3612,221.04,103.839,458.676,28.7847,835.761,23.0081,44.9858,0.472763,30.4884,2.12514,37.09,2.27014,52.266,1.75039,63.5194,2.00138,72.9188,2.76445,109.875,1.64352,113.561,2.76168,178.813,1.6717,204.045,2.26787,237.542,2.86292,287.822,3.57813,477.872,1.57434,715.759,4.20318,1115.81,11.8206,16.71569,9.041674,19.01727,19.58661,22.85906,27.35357,29.26369,56.13998,39.34414,26.12379,50.72134,24.65171,68.74102,19.96231,90.40918,19.35297,104.5166,39.36385,130.7577,47.93511,186.6705,17.61668,214.2932,27.82255,313.0442,13.11617,587.1872,15.67153,760.7794,46.79836,85.4,0.288759,52.1616,1.48118,130.888,0.391346,122.651,0.727486,200.405,0.467591,142.643,1.5324,177.211,1.55556,272.147,1.11164,269.709,1.84936,218.84,5.65106,275.984,4.91771,316.823,7.33637,364.798,10.3381,711.477,15.5622,923.659,45.3698
12.7859,30.7179,16.1892,29.8399,21.7877,13.6105,29.1177,17.4763,35.8501,20.2437,45.3471,29.7208,53.482,44.6944,71.5464,22.5976,86.2583,48.7569,111.982,51.3594,146.693,33.5436,198.61,17.8471,218.84,126.957,453.204,33.4766,819.212,26.7583,40.7863,0.579169,28.6842,2.52147,34.9999,2.64545,49.5185,2.02555,60.6031,2.27468,70.1998,3.10136,105.356,1.8273,109.327,3.09207,168.569,1.96372,197.619,2.50137,229.371,3.22793,280.716,3.92687,459.134,1.76621,697.389,4.80109,1080.67,14.4666,16.18926,10.04269,18.65936,22.28349,22.38403,32.32521,28.88572,66.80975,38.44956,30.71794,49.71699,28.32789,67.37985,22.59766,88.53039,21.84225,102.8576,44.91841,127.9124,57.96555,183.1573,19.96231,210.26,31.87581,305.0099,14.77365,576.7125,17.61668,744.9695,51.77192,79.1501,0.33549,47.6244,1.83096,119.145,0.468527,112.995,0.854567,179.889,0.57859,132.733,1.78754,159.867,1.94029,245.511,1.39074,255.02,2.0935,211.737,6.28297,267.025,5.45669,307.767,8.05138,354.371,11.6679,698.086,17.865,899.054,51.1032
12.7222,37.6317,15.9961,35.7964,21.5494,15.5311,28.9725,19.295,35.3871,23.9231,44.9408,37.1456,53.3752,55.86,70.9054,26.3336,85.4,62.982,110.647,62.5426,145.379,40.4007,195.067,20.9648,216.23,157.095,449.593,38.3152,804.598,31.4012,37.6505,0.694085,27.122,2.96786,33.2264,3.05824,47.1506,2.32528,57.4173,2.6667,68.1251,3.44472,101.022,2.03774,105.25,3.50728,160.347,2.26107,191.779,2.7342,221.704,3.62495,274.059,4.33552,444.675,1.95588,682.896,5.37545,1053.99,17.1989,15.6951,11.15452,18.38156,24.67638,22.02873,37.85819,28.54116,79.11074,37.80143,35.36942,48.68382,33.64442,65.84782,26.04555,87.21236,24.309,101.225,51.15437,125.3795,69.67551,178.8138,23.44943,205.8906,37.82037,296.2917,16.90899,563.5994,20.2033,728.7593,56.98845,73.211,0.392522,42.6636,2.34396,108.456,0.56374,105.99,0.973205,162.283,0.713794,125.63,2.0215,148.167,2.29295,222.815,1.72951,244.287,2.32295,205.684,6.92989,259.133,6.07902,299.868,8.81843,345.621,13.0507,685.633,19.8826,873.356,58.1397
12.6587,46.6115,15.8686,42.5146,21.2923,18.0265,28.8568,21.9298,34.9999,28.5554,44.5381,45.5972,53.2153,69.6755,70.1998,31.6851,84.3813,81.3572,109.436,75.1021,143.645,50.2418,192.74,24.4064,214.722,184.906,444.23,43.4603,789.455,36.4465,34.9649,0.818599,25.3644,3.64677,31.5428,3.57099,45.3471,2.62175,55.2764,3.01573,65.5849,3.94655,98.0371,2.22741,101.732,3.95841,153.138,2.56726,184.998,3.07973,215.152,4.09122,267.56,4.84449,428.522,2.20084,671.385,5.94674,1035.19,19.3336,15.32289,12.45155,18.05365,27.90615,21.65741,45.55169,28.08814,100.7709,37.05291,42.34489,48.007,38.93319,64.47944,30.44272,85.57095,27.62847,99.31992,61.05951,123.2661,81.92871,175.273,27.27162,202.8253,43.28682,287.2477,19.43054,552.9921,22.50745,710.0557,63.23442,68.4666,0.451057,40.4613,2.6667,95.2348,0.731864,98.6271,1.13183,145.233,0.891223,120.342,2.22074,136.502,2.76168,205.684,2.07267,230.752,2.64809,199.207,7.81343,252.23,6.71164,290.424,9.92289,336.751,14.7146,676.101,21.6249,853.498,63.9978
12.6334,59.3142,15.7422,49.8914,21.1015,20.8394,28.7416,25.7091,34.7558,32.6827,44.2717,55.2489,52.9499,87.6936,69.6405,38.2004,83.7927,104.151,108.239,91.4552,142.215,63.1712,189.491,30.2303,212.373,219.39,437.617,50.2418,774.597,41.9655,32.4385,0.971261,24.007,4.38348,29.9745,4.16969,43.6999,2.95011,53.482,3.34291,63.7103,4.44083,94.5705,2.46167,98.9234,4.38786,145.524,2.98572,180.61,3.3329,208.376,4.65919,260.954,5.44035,412.132,2.4889,652.847,6.92989,1017.74,20.9438,15.00447,13.77486,17.87401,30.96468,21.37769,54.15488,27.80865,123.4517,36.53779,48.85459,47.33959,45.78002,63.39254,35.08757,84.12857,31.2134,97.54814,72.22954,120.5839,100.0679,171.6307,32.16398,199.8056,49.89138,280.1555,22.21675,542.0421,25.37709,691.1408,70.37577,63.774,0.521962,37.9909,3.09516,85.1442,0.918365,90.9533,1.33487,132.733,1.06698,115.162,2.45675,128.296,3.20541,190.061,2.48641,221.261,2.93246,193.9,8.71324,246.003,7.46215,281.278,11.2891,327.78,16.6739,658.749,24.7257,833.258,70.7993
12.646,76.161,15.648,62.7305,20.8498,24.5533,28.6269,29.8996,34.3756,38.5844,43.9629,69.4668,52.7385,104.883,69.3625,44.7838,83.0419,134.942,107.269,114.76,141.082,76.2372,187.231,36.12,211.102,254.895,431.964,56.0839,757.742,48.1754,29.3222,1.22487,23.135,4.99702,28.5697,4.88829,42.0284,3.37313,51.9014,3.66139,61.5805,5.1184,90.4996,2.78665,96.6741,4.87852,139.399,3.40703,176.857,3.59967,202.217,5.37545,254.511,6.12172,397.559,2.82311,639.92,7.93151,1000.58,23.3324,14.72208,15.14765,17.62552,34.70374,21.14382,64.25429,27.47694,154.2926,36.10195,57.15963,46.7749,52.71229,62.32399,40.60324,82.54521,35.93987,95.90382,86.21543,118.4328,120.6447,168.0641,38.20044,197.0278,56.47787,273.2384,25.60651,528.6591,28.90015,675.426,77.38937,59.4031,0.602805,35.9578,3.53545,79.7061,1.049,81.8875,1.67672,123.142,1.24214,110.315,2.71785,117.96,3.95445,176.504,2.9738,213.224,3.20862,187.418,9.91298,238.971,8.41356,273.511,12.7923,320.007,18.8374,645.06,27.8504,809.44,79.9858
12.6334,96.1442,15.5856,77.3893,20.7458,28.2713,28.4841,35.868,34.1699,45.9175,43.8312,85.5285,52.5805,132.535,69.0856,53.8848,82.3803,174.138,106.627,141.578,140.238,93.3027,184.998,43.941,210.26,278.342,425.108,63.1712,743.481,54.7539,27.587,1.42168,22.3616,5.69076,27.3672,5.7537,40.6235,3.84911,50.3675,4.11172,59.7008,6.10949,86.6906,3.18305,94.0988,5.49502,133.666,3.84911,172.836,3.9703,197.422,6.09728,249.971,6.74528,386.195,3.11691,629.133,8.90706,985.691,26.3863,14.445,16.90899,17.38048,39.2852,20.97535,75.55412,27.33991,183.2499,35.74274,66.67621,45.94048,63.93382,61.15101,47.45814,81.23498,40.44113,94.28725,103.2186,116.5529,143.574,164.7362,44.91841,193.9005,65.81506,267.8279,28.69856,519.2285,32.32521,653.5007,87.86919,55.2764,0.69966,34.0335,4.03434,74.4662,1.20664,75.3652,2.01544,111.535,1.53547,104.83,3.06437,110.205,4.75332,164.242,3.54253,204.454,3.56385,182.243,11.2553,233.304,9.42009,265.693,14.6706,312.418,21.2604,629.133,31.7485,788.666,88.6636
12.6334,120.765,15.5233,93.1163,20.6837,32.2929,28.3704,43.2435,33.9316,55.6926,43.5255,107.969,52.4755,166.976,68.8098,66.9435,81.6422,230.177,105.99,175.011,139.26,114.188,182.974,52.8706,209.63,297.63,418.36,71.4393,727.303,63.1081,25.8768,1.66502,21.7224,6.47432,26.5584,6.5198,39.5018,4.3442,49.1731,4.59902,57.9364,7.30708,82.7932,3.67239,91.9593,6.24539,128.168,4.46756,168.232,4.44972,193.126,6.81989,246.003,7.4398,375.532,3.46198,617.293,10.0527,971.987,30.0796,14.24418,18.68733,17.13885,45.73425,20.82903,92.55927,27.20355,216.7731,35.1754,82.83488,45.34712,75.93284,60.1804,54.86351,80.02556,46.37907,92.88347,121.3708,114.9326,168.9918,161.3128,53.99264,191.5876,75.62967,263.5768,31.68511,510.4761,35.8322,632.9198,99.17138,51.3336,0.815332,32.0836,4.67787,70.1297,1.36593,71.0473,2.316,103.787,1.78397,99.2206,3.48282,103.787,5.56693,153.445,4.22003,195.653,3.9902,177.211,12.8307,227.316,10.6317,259.133,16.6572,305.315,24.2361,615.443,35.5467,766.123,99.3699
12.6334,156.311,15.5544,114.646,20.56,38.086,28.2854,52.6596,33.7623,67.5487,43.2218,135.077,52.3183,210.787,68.5351,77.0804,81.235,268.232,105.461,214.616,138.704,139.889,181.153,66.0788,1,10000,410.076,81.4386,707.928,73.1015,24.224,1.97553,21.1226,7.47709,25.9286,7.32903,38.2195,5.08779,47.8153,5.26901,56.4495,8.60931,79.5468,4.20318,89.7785,7.23437,123.636,5.12865,164.078,5.0271,189.491,7.63577,239.929,8.61792,362.616,3.95841,604.465,11.7147,960.393,33.0112,14.04615,20.94388,16.90058,52.765,20.74588,108.0776,27.09495,251.3513,34.86025,101.276,44.76142,87.08192,59.52203,63.10808,78.83414,53.93871,91.59217,143.8614,113.2215,197.7198,158.1186,64.12592,188.924,88.48643,258.0994,36.59267,500.368,39.71971,614.2142,110.3713,48.055,0.938793,29.7952,5.63413,64.7378,1.60936,65.9796,2.75341,96.9646,2.06853,94.3816,3.95445,100.518,6.06081,145.233,4.89808,187.606,4.4765,173.182,14.4088,221.926,11.9394,251.475,19.5279,299.569,27.3809,604.465,39.0502,741.995,112.039
12.6208,189.208,15.5544,140.309,20.5189,45.4607,28.2007,64.0618,33.594,81.6833,43.0493,167.813,52.2138,257.199,68.1251,90.5452,81.0727,303.036,105.25,267.963,138.289,171.032,179.351,81.3572,1,10000,399.552,95.4736,690.45,84.1709,22.7905,2.32993,20.663,8.69584,25.5426,8.27173,37.1271,5.90526,46.5416,6.09728,54.9457,10.5364,76.3514,4.82515,87.3869,8.50662,120.463,5.74795,160.347,5.63977,185.553,8.69584,234.474,10.1842,353.663,4.43196,592.495,13.8162,941.376,38.0479,13.85087,23.49639,16.73242,60.81572,20.58057,133.333,27.04082,298.2262,34.51337,124.8172,44.31605,100.7709,58.87086,72.80965,77.89378,61.48842,90.40918,167.981,111.6474,232.491,155.2979,76.77269,187.0442,100.4691,253.2418,41.83978,488.991,44.42703,596.0615,122.836,44.851,1.09072,27.6976,6.70493,60.1804,1.87919,62.4487,3.16401,90.7715,2.38892,89.3307,4.53962,96.0958,7.01355,138.982,5.5447,180.43,4.94236,168.737,16.6406,217.097,13.3277,246.742,21.7768,292.464,31.9077,591.312,43.8093,720.066,124.318
12.6334,222.705,15.57,176.064,20.4984,52.24,28.0881,79.9858,33.4933,99.7682,42.8346,212.906,52.1616,301.826,68.057,103.839,1,10000,105.145,307.308,138.289,213.759,178.456,95.5691,1,10000,388.131,110.813,667.369,99.0723,21.7224,2.6667,20.2944,10.2763,25.0869,9.49575,36.0298,6.90222,45.2113,7.14093,53.8039,12.464,74.5407,5.3433,84.8891,10.5893,117.606,6.37793,156.232,6.44847,182.608,9.80453,229.371,12.0835,343.554,5.05735,582.508,15.9561,921.813,44.0289,13.69935,26.51861,16.5825,68.15936,20.51893,162.3656,1,10000,34.30693,149.284,43.83124,121.8572,58.05242,85.01683,76.7341,71.15416,89.06317,203.9452,110.6471,260.5649,152.8329,90.99905,184.998,115.7983,250.4714,46.56495,477.3948,49.69218,576.136,137.9444,42.2391,1.23842,26.3204,7.68941,55.3871,2.23634,57.8785,3.82991,84.974,2.77553,84.7195,5.21658,92.9764,7.85259,133.132,6.27042,172.836,5.58365,164.407,19.3336,211.525,15.3919,240.169,25.4024,287.247,36.3374,579.603,48.5138,698.785,136.982
12.6208,253.117,15.57,218.295,20.5189,63.9978,27.948,100.168,33.3596,119.683,42.621,261.086,1,10000,67.7853,121.492,1,10000,1,10000,138.012,249.847,177.211,111.592,1,10000,377.792,127.977,646.351,114.302,20.8082,3.02176,19.8528,12.5014,24.6394,10.9774,35.2811,7.84475,44.316,8.12417,52.7913,15.0119,73.0647,5.8582,83.0419,12.6397,115.277,7.11954,152.222,7.45469,179.53,11.1099,225.28,13.997,335.406,5.68507,570.974,18.9508,899.953,51.5652,13.54948,30.16997,16.45037,78.24532,20.39618,202.1179,1,10000,34.13582,180.5216,43.48199,145.1619,57.41736,98.57818,75.74301,84.17088,88.35352,226.0716,109.9852,280.8587,150.2567,108.294,182.9742,133.4665,247.4837,52.65958,465.1426,56.08385,558.5497,151.8435,39.9387,1.40612,25.2379,8.67846,51.9014,2.56213,54.7264,4.44528,80.1858,3.17352,80.9916,5.85235,90.1384,8.78323,127.401,7.15523,167.728,6.12785,159.867,22.9391,205.684,18.0085,234.708,29.8101,281.559,41.5895,565.292,54.5898,682.214,147.503
12.5956,298.524,15.5856,261.086,20.4779,78.4804,27.8364,119.563,33.2264,149.582,42.4508,303.642,1,10000,67.5823,145.307,1,10000,1,10000,137.599,297.928,176.504,132.535,1,10000,366.626,147.798,625.37,131.479,19.7933,3.52839,19.4208,15.3458,24.1756,12.9856,34.5133,9.07791,43.3517,9.37311,51.9533,17.8115,71.3321,6.62495,81.479,15.1779,113.221,7.95534,149.507,8.43883,176.857,12.539,221.704,16.1488,326.145,6.57874,563.036,22.1502,872.483,62.4177,13.40125,34.08464,16.3193,90.6358,20.33508,233.8901,1,10000,33.99954,214.4017,43.13553,175.5371,56.78922,117.1963,74.76472,97.69488,87.64952,252.3587,109.3273,299.4214,147.724,130.5622,181.1535,155.8432,243.5555,59.67112,451.8472,63.48784,542.5845,166.8092,37.1642,1.64187,24.224,9.88328,48.1994,3.04299,52.528,4.96713,76.5042,3.55317,76.8108,6.79946,87.6495,9.85368,122.651,8.10794,163.26,6.65816,156.545,26.3336,200.606,21.0068,230.752,34.2212,275.984,48.031,552.439,60.8157,666.702,159.948
1,1000,15.6012,302.733,20.4574,94.6182,27.6699,150.784,33.1601,181.426,1,10000,1,10000,67.3798,178.368,1,10000,1,10000,1,10000,175.799,156.467,1,10000,357.574,167.813,604.465,150.182,18.9035,4.11584,19.0935,19.0457,23.8634,15.0871,33.8638,10.4839,42.4933,10.7278,51.2311,21.2179,69.5013,7.7048,79.9456,18.7622,111.201,8.8715,146.693,9.44839,174.224,14.3513,218.403,18.8751,317.775,7.54469,556.32,25.4788,850.941,73.1746,13.26791,38.54583,16.18926,105.4091,20.29445,265.2974,1,10000,33.8977,246.6207,42.83463,208.6902,56.16796,136.1626,73.79907,115.1056,86.95113,278.8996,1,10000,145.3792,157.2522,179.1718,181.9716,239.9294,68.15936,440.6911,71.58241,527.0756,186.5784,34.5479,1.93448,23.4143,11.1992,45.0308,3.54253,50.2669,5.61164,72.9188,4.00219,73.6516,7.71251,85.4854,10.9445,118.432,8.94276,157.802,7.49206,153.138,30.5647,195.262,25.1748,226.183,39.9987,271.875,54.9184,538.799,68.4326,650.892,174.487
1,1000,1,10000,20.437,116.845,27.5595,188.83,33.0607,223.151,1,10000,1,10000,67.1109,214.831,1,10000,1,10000,1,10000,174.573,190.157,1,10000,346.313,197.522,587.187,167.31,17.9815,4.85419,18.8092,23.9231,23.5787,17.4763,33.2597,12.0112,41.6935,12.464,50.5188,26.4127,68.057,8.79202,78.913,22.8247,108.673,10.4212,144.076,10.5893,171.802,16.3928,214.722,22.6429,310.239,8.80962,549.684,29.249,829.102,83.7511,13.14903,43.15714,16.10852,121.7355,20.21345,300.9223,1,10000,33.76237,281.7026,42.62099,242.7063,55.55351,160.1083,72.99172,134.8079,86.51745,298.8232,1,10000,143.5015,184.9066,177.7442,210.1562,236.8305,77.15752,430.2404,79.58688,518.7094,198.9098,32.4061,2.24306,22.7905,12.4889,42.5358,4.05862,48.055,6.44847,69.3625,4.53055,70.6223,8.74817,83.3748,12.3276,114.702,9.86353,152.985,8.43883,150.708,34.8777,191.779,28.6412,222.148,46.4719,267.025,63.6786,524.446,77.0034,636.728,192.068
1,1000,1,10000,20.4165,143,27.4494,226.977,32.9617,270.927,1,10000,1,10000,67.0438,252.106,1,10000,1,10000,1,10000,173.876,225.845,1,10000,336.078,223.822,567.558,186.765,17.1388,5.81153,18.622,30.2303,23.2509,21.4526,32.8301,13.5833,40.9907,14.4521,49.8165,34.1187,66.6427,10.1842,77.9717,27.6837,107.162,11.5403,142.073,11.8561,169.244,19.0457,212.16,26.5451,303.792,10.1233,543.67,33.9146,807.823,95.1876,13.00519,48.65953,16.01216,140.7309,1,10000,1,10000,33.76237,299.122,42.45084,272.5582,55.00073,188.642,72.049,157.4094,1, ,1,10000,141.9316,211.421,176.6809,237.6624,233.0714,89.6443,417.9427,88.66357,509.4562,219.39,30.2757,2.60346,22.2278,14.237,40.3805,4.60362,46.2632,7.24886,66.4431,5.07762,67.7176,10.0326,81.3162,13.7886,110.647,11.3117,148.316,9.5816,147.871,40.6845,188.924,32.1639,218.185,55.2489,263.313,71.9412,509.456,85.7854,626.622,208.065
1,1000,1,10000,20.3758,174.487,27.3399,270.657,32.8958,300.922,1,10000,1,10000,66.9098,283.681,1,10000,1,10000,1,10000,173.182,261.086,1,10000,328.108,253.117,549.134,208.273,16.599,6.63822,18.4367,39.2459,22.9966,26.1761,32.471,15.7658,40.2595,17.1817,49.469,41.382,65.5194,11.6679,77.2731,34.2212,105.461,13.2083,139.958,13.3945,167.393,21.6249,209.211,31.0577,297.182,11.8088,539.338,39.2852,783.948,109.273,12.83722,56.42139,15.93229,163.9974,1,10000,1,10000,1,10000,42.45084,300.3211,54.56249,221.595,70.90537,191.3015,1,10000,1,10000,140.5194,236.2408,175.624,265.8285,230.0611,102.0895,405.1852,98.67675,501.3698,244.1667,28.5983,2.97678,21.6141,16.9598,37.5002,5.5447,44.1391,8.44728,63.3925,5.78833,65.0623,11.5057,79.7061,15.3458,107.269,13.0116,144.22,10.8032,145.233,46.5649,185.925,36.776,215.582,63.7423,258.874,84.2551,491.933,97.6949,616.676,227.204
1,1000,1,10000,20.3961,211.844,27.3125,303.642,1,10000,1,10000,1,10000,66.7761,303.339,1,10000,1,10000,1,10000,172.491,297.928,1,10000,322.255,284.249,536.648,228.115,16.1246,7.57493,18.2533,49.9413,22.7905,33.4766,32.18,17.9905,39.5809,21.0278,49.1239,54.2091,64.415,13.5156,76.5808,42.5571,103.683,15.1628,138.15,15.0419,165.893,24.309,206.715,36.301,291.88,13.4751,532.372,45.0533,756.985,126.576,12.68409,65.35596,15.86869,190.7285,1,10000,1,10000,1,10000,1,10000,54.01957,258.7473,70.19987,223.5983,1,10000,1,10000,139.6788,265.8285,174.3989,300.0208,226.4094,119.4443,393.2101,109.273,497.8725,268.2317,26.7985,3.47934,21.0383,20.0623,35.0349,6.59191,42.749,9.41067,60.846,6.45493,63.2026,12.9597,78.0497,17.1817,104.516,14.818,138.565,13.0246,142.928,53.402,182.426,42.3025,212.373,75.3278,254.765,98.6768,477.394,108.51,608.711,249.847
1,1000,1,10000,20.3961,248.601,1,10000,1,10000,1,10000,1,10000,1,10000,1,10000,1,10000,1,10000,1,10000,1,10000,316.823,319.211,523.922,252.106,15.7737,8.47266,18.0898,65.5523,22.6089,40.6438,31.9875,20.902,38.9916,25.5043,48.6838,73.0284,63.3925,15.7343,76.1988,53.7771,102.242,17.5463,136.093,17.3544,164.242,28.2148,204.659,43.0709,287.822,15.3152,524.971,51.4108,732.412,145.162,12.59561,73.39449,15.80535,218.5143,1,10000,1,10000,1,10000,1,10000,53.48208,300.6214,69.43189,262.9205,1,10000,1,10000,139.1212,285.1035,1,10000,223.2617,137.2563,383.1185,119.5638,494.3995,303.3394,25.0869,4.02628,20.5805,23.6141,33.4264,7.50706,41.6935,10.3072,58.5187,7.28519,61.4575,14.5682,76.275,19.6062,100.82,17.5288,135.009,14.6412,140.8,61.2429,179.53,48.1754,209.63,86.1293,251.224,114.188,461.436,121.857,600.849,273.924
1,1000,1,10000,20.3961,302.43,1,10000,1,10000,1,10000,1,10000,1,10000,1,10000,1,10000,1,10000,1,10000,1,10000,313.357,359.19,512.009,279.458,15.5078,9.46731,17.9995,86.388,22.5187,48.8546,31.7962,24.6763,38.565,30.5647,48.2959,101.073,62.324,18.9508,75.6673,67.3463,100.82,20.2437,134.874,19.1604,162.283,33.4097,202.622,50.8992,282.405,17.7404,517.155,58.1978,701.586,170.008,12.50775,84.93182,15.758,246.128,1,10000,1,10000,1,10000,1,10000,1,10000,68.80982,298.2262,1,10000,1,10000,138.7044,299.122,1,10000,219.718,161.233,371.0528,131.7426,491.442,346.8361,23.7206,4.59902,20.2134,27.7114,31.9236,8.53217,40.8271,11.3344,55.7761,8.40515,59.9401,16.3928,74.69,22.128,98.6271,20.0223,132.071,16.4421,138.843,69.6755,176.68,57.7341,206.922,102.293,247.979,131.348,445.565,136.026,594.87,310.707
1,1000,1,10000,1,10000,1,10000,1,10000,1,10000,1,10000,1,10000,1,10000,1,10000,1,10000,1,10000,1,10000,310.86,407.016,501.369,312.577,15.3843,10.4839,17.9636,119.205,22.4288,59.3142,31.7009,30.1398,38.1431,38.1241,47.911,141.719,61.3347,23.1929,75.4406,89.3757,99.5187,24.019,133.132,21.9298,160.829,39.4426,200.807,60.8766,278.479,20.264,508.947,65.4868,681.532,188.077,12.4205,97.79266,15.72651,274.1983,1,10000,1,10000,1,10000,1,10000,1,10000,1,10000,1,10000,1,10000,1,10000,1,10000,217.0972,186.3918,359.3671,145.7439,488.5022,396.1736,22.5187,5.24273,19.8528,33.8807,31.0111,9.33569,39.8589,12.539,54.0195,9.2428,58.7532,18.4644,73.5044,24.627,96.2882,23.4025,129.197,18.5755,136.913,78.5589,174.224,66.0128,204.045,121.128,244.531,152.299,432.397,148.836,588.951,359.549
1,1000,1,10000,1,10000,1,10000,1,10000,1,10000,1,10000,1,10000,1,10000,1,10000,1,10000,1,10000,1,10000,309.619,449.822,491.933,346.489,15.2312,11.8679,17.9098,174.138,22.4512,73.6887,31.5744,36.301,37.8014,48.1754,47.6244,178.012,60.482,29.1614,75.0644,111.703,98.6271,27.7947,131.413,24.9493,159.229,46.6115,199.207,71.3679,274.608,23.5669,500.368,73.1015,664.04,204.558,12.37092,113.8464,15.7108,296.7387,1,10000,1,10000,1,10000,1,10000,1,10000,1,10000,1,10000,1,10000,1,10000,1,10000,214.5075,216.99,350.144,157.8824,485.58,446.2383,21.4419,5.95865,19.4987,41.5895,30.0645,10.4212,39.1479,13.997,52.0053,10.463,57.4173,20.9229,72.4826,26.9463,94.3816,27.4357,125.882,21.755,134.874,91.5467,170.945,80.2261,201.008,146.181,241.373,179.262,419.198,164.984,585.428,413.167
1,1000,1,10000,1,10000,1,10000,1,10000,1,10000,1,10000,1,10000,1,10000,1,10000,1,10000,1,10000,1,10000,309.929,518.974,485.58,381.401,15.0947,13.5021,17.9277,247.361,22.3393,91.8218,31.4798,46.8451,37.5753,61.5499,47.3395,225.619,60.0001,35.5111,74.8395,135.348,97.3532,34.5306,129.845,28.4414,157.96,56.0839,197.619,83.3334,270.79,27.2171,492.425,82.0107,646.351,225.394,12.32153,127.7212,1,10000,1,10000,1,10000,1,10000,1,10000,1,10000,1,10000,1,10000,1,10000,1,10000,1,10000,212.5857,242.4636,341.4989,170.5196,483.1581,508.697,20.6217,6.60511,19.1508,52.3445,29.2929,11.5634,38.296,15.7658,50.3172,11.7616,56.3931,23.6614,70.9054,32.0355,92.1434,33.2763,122.528,25.9415,132.733,107.109,168.906,91.2725,198.809,173.096,238.494,203.131,408.848,181.426,583.091,473.358
1,1000,1,10000,1,10000,1,10000,1,10000,1,10000,1,10000,1,10000,1,10000,1,10000,1,10000,1,10000,1,10000,309.31,599.954,481.71,435.656,14.9744,15.8607,17.9456,301.826,22.3169,121.613,31.3228,58.7827,37.3132,79.2692,47.1506,266.36,59.4625,43.4603,74.4662,172.061,96.3845,41.5479,127.912,33.9146,156.388,69.0512,196.045,100.268,266.758,31.6851,482.192,92.282,631.023,249.847,12.27235,147.0614,1,10000,1,10000,1,10000,1,10000,1,10000,1,10000,1,10000,1,10000,1,10000,1,10000,1,10000,210.681,267.9638,333.734,186.9519,481.2294,557.1604,20.1327,7.0487,18.8657,64.2543,28.6269,12.9079,37.2014,18.5569,48.6838,13.6514,55.166,27.3535,69.5013,37.444,90.2285,39.8789,119.862,30.3212,131.15,121.37,166.391,106.043,195.849,210.366,236.121,231.794,398.753,202.928,580.763,539.074
1,1000,1,10000,1,10000,1,10000,1,10000,1,10000,1,10000,1,10000,1,10000,1,10000,1,10000,1,10000,1,10000,1,10000,480.267,487.774,14.8106,21.1543,1,10000,22.2723,149.134,31.1043,76.0088,37.09,98.1846,46.9623,303.339,59.1068,55.3042,74.3175,215.907,95.521,50.9502,126.134,40.0387,155.453,80.6283,195.067,117.079,263.84,36.0478,472.644,102.293,615.443,278.621,12.18674,171.5459,1,10000,1,10000,1,10000,1,10000,1,10000,1,10000,1,10000,1,10000,1,10000,1,10000,1,10000,209.0022,300.0208,328.1085,201.9158,480.2678,609.0217,19.4597,7.79782,18.6593,77.8551,28.004,14.3657,36.4283,20.9858,47.7198,15.2083,54.1819,31.3385,68.4666,43.5038,88.5304,46.892,117.606,34.7384,129.197,141.295,163.914,128.105,194.288,238.853,233.771,263.71,391.249,225.619,578.445,603.565
1,1000,1,10000,1,10000,1,10000,1,10000,1,10000,1,10000,1,10000,1,10000,1,10000,1,10000,1,10000,1,10000,1,10000,479.787,542.861,14.6926,26.8387,1,10000,22.2946,181.064,30.9492,93.7704,36.8681,132.668,1,10000,58.812,68.3642,74.169,256.685,94.5705,63.9978,124.38,48.9034,154.368,96.4331,193.706,140.169,260.693,41.5479,463.749,112.939,605.069,303.339,12.11384,206.6136,1,10000,1,10000,1,10000,1,10000,1,10000,1,10000,1,10000,1,10000,1,10000,1,10000,1,10000,1,10000,324.5191,216.7731,1,10000,18.8468,8.57494,18.3999,99.4694,27.4769,16.1973,35.6713,24.043,46.4486,17.599,53.2153,36.4101,67.3125,50.6454,86.6906,56.5909,114.932,41.7562,127.529,162.528,161.151,152.757,192.74,273.924,232.373,283.965,386.968,249.598,1,10000
1,1000,1,10000,1,10000,1,10000,1,10000,1,10000,1,10000,1,10000,1,10000,1,10000,1,10000,1,10000,1,10000,1,10000,480.267,598.157,14.6047,33.7792,1,10000,22.2723,233.656,30.764,114.76,36.6842,175.712,1,10000,58.5187,83.8349,74.0208,302.733,93.9108,79.4278,122.774,60.2106,153.445,117.313,192.933,165.314,257.583,47.7915,451.847,128.876,593.682,340.649,12.06548,245.8819,1,10000,1,10000,1,10000,1,10000,1,10000,1,10000,1,10000,1,10000,1,10000,1,10000,1,10000,1,10000,321.2901,233.4228,1,10000,18.3815,9.29842,18.3265,122.223,26.9328,18.5755,34.9649,27.9061,45.3018,20.1831,52.4755,42.0075,66.3767,59.3142,85.1442,69.2587,112.207,51.7719,125.882,185.833,159.229,179.621,191.396,299.721,231.214,302.43,383.885,278.064,1,10000
1,1000,1,10000,1,10000,1,10000,1,10000,1,10000,1,10000,1,10000,1,10000,1,10000,1,10000,1,10000,1,10000,1,10000,1,10000,14.5464,41.6311,1,10000,22.2946,300.621,30.58,141.012,36.4648,224.046,1,10000,58.3434,101.276,1,10000,93.0694,99.4694,120.946,75.0271,152.527,147.65,192.355,195.556,254.765,55.1937,441.573,145.162,586.014,373.849,12.04137,277.7863,1,10000,1,10000,1,10000,1,10000,1,10000,1,10000,1,10000,1,10000,1,10000,1,10000,1,10000,1,10000,319.0489,253.6237,1,10000,17.9456,10.0829,18.2168,149.433,26.3731,21.3669,34.3756,31.5902,44.2275,23.5669,51.6942,48.9524,65.3885,69.9548,83.7927,82.5042,109.546,63.9338,124.505,211.209,157.802,206.201,1,10000,1,10000,381.207,318.892,1,10000
1,1000,1,10000,1,10000,1,10000,1,10000,1,10000,1,10000,1,10000,1,10000,1,10000,1,10000,1,10000,1,10000,1,10000,1,10000,14.5174,53.242,1,10000,1,10000,30.3971,178.19,36.3192,266.36,1,10000,58.1686,125.067,1,10000,92.2356,124.942,119.742,92.7446,151.918,180.702,191.396,227.204,251.978,63.7423,430.67,163.506,578.445,415.238,12.02934,298.5244,1,10000,1,10000,1,10000,1,10000,1,10000,1,10000,1,10000,1,10000,1,10000,1,10000,1,10000,1,10000,317.4576,274.4727,1,10000,17.5551,10.9665,18.1804,187.701,25.9545,24.3333,33.7286,37.1456,43.3951,26.5717,51.1287,55.7484,64.7378,80.0658,82.4627,98.4796,107.591,76.0088,123.266,236.95,156.076,236.004,1,10000,1,10000,378.17,375.347,1,10000
1,1000,1,10000,1,10000,1,10000,1,10000,1,10000,1,10000,1,10000,1,10000,1,10000,1,10000,1,10000,1,10000,1,10000,1,10000,14.5028,67.0775,1,10000,1,10000,30.2152,229.488,36.2829,301.524,1,10000,57.9364,149.582,1,10000,91.5922,151.691,118.669,115.567,151.615,210.366,190.822,264.767,249.471,73.5414,422.565,180.341,574.985,468.18,1,10000,1,10000,1,10000,1,10000,1,10000,1,10000,1,10000,1,10000,1,10000,1,10000,1,10000,1,10000,1,10000,315.2432,300.9223,1,10000,17.0875,12.2907,18.1804,224.719,25.5937,27.7669,33.2264,44.2939,42.4508,31.3385,50.5694,66.7429,64.0937,92.9303,81.3162,115.451,105.461,93.5831,122.161,266.894,154.06,275.848,1,10000,1,10000,375.532,444.012,1,10000
1,1000,1,10000,1,10000,1,10000,1,10000,1,10000,1,10000,1,10000,1,10000,1,10000,1,10000,1,10000,1,10000,1,10000,1,10000,14.5028,84.5928,1,10000,1,10000,30.1247,270.657,1,10000,1,10000,57.7051,185.647,1,10000,90.7715,188.077,117.842,145.598,151.615,247.114,190.441,303.339,247.236,85.0168,411.308,204.558,572.689,532.644,1,10000,1,10000,1,10000,1,10000,1,10000,1,10000,1,10000,1,10000,1,10000,1,10000,1,10000,1,10000,1,10000,312.7314,342.3565,1,10000,16.7324,13.5156,18.1623,263.447,25.2884,32.1318,32.7318,51.9275,41.5271,38.2386,50.1163,79.4278,63.3292,107.861,80.1858,139.052,103.787,110.924,121.309,287.393,152.832,302.128,1,10000,1,10000,374.407,493.663,1,10000
1,1000,1,10000,1,10000,1,10000,1,10000,1,10000,1,10000,1,10000,1,10000,1,10000,1,10000,1,10000,1,10000,1,10000,1,10000,14.5174,105.409,1,10000,1,10000,30.0345,303.946,1,10000,1,10000,57.5323,221.816,1,10000,90.4996,214.616,116.786,187.889,151.463,275.848,1,10000,244.531,100.67,401.554,227.204,572.689,603.565,1,10000,1,10000,1,10000,1,10000,1,10000,1,10000,1,10000,1,10000,1,10000,1,10000,1,10000,1,10000,1,10000,310.5499,401.759,1,10000,16.2541,15.5,18.0898,302.128,24.9868,37.1085,32.309,60.7549,40.7863,46.0095,49.5185,94.7128,62.699,121.735,78.913,169.161,102.549,127.338,120.825,303.642,1,10000,1,10000,1,10000,373.285,570.124,1,10000
1,1000,1,10000,1,10000,1,10000,1,10000,1,10000,1,10000,1,10000,1,10000,1,10000,1,10000,1,10000,1,10000,1,10000,1,10000,14.5028,136.435,1,10000,1,10000,1,10000,1,10000,1,10000,57.3026,260.825,1,10000,89.9583,245.39,116.436,232.723,151.615,301.524,1,10000,242.098,118.019,394.391,246.374,1,10000,1,10000,1,10000,1,10000,1,10000,1,10000,1,10000,1,10000,1,10000,1,10000,1,10000,1,10000,1,10000,1,10000,309.3102,449.3729,1,10000,15.8845,17.5814,1,10000,24.664,45.2339,31.9236,72.6642,40.0587,55.7484,48.9768,112.713,62.0752,142.003,77.9717,204.967,101.123,150.483,1,10000,1,10000,1,10000,1,10000,372.912,607.805,1,10000
1,1000,1,10000,1,10000,1,10000,1,10000,1,10000,1,10000,1,10000,1,10000,1,10000,1,10000,1,10000,1,10000,1,10000,1,10000,14.4884,172.061,1,10000,1,10000,1,10000,1,10000,1,10000,57.1881,301.223,1,10000,89.6888,272.83,116.087,267.963,1,10000,1,10000,239.929,137.944,389.297,266.36,1,10000,1,10000,1,10000,1,10000,1,10000,1,10000,1,10000,1,10000,1,10000,1,10000,1,10000,1,10000,1,10000,1,10000,308.6921,498.6244,1,10000,15.6637,19.3336,1,10000,24.443,53.5089,31.4483,87.8692,39.4623,69.3973,48.5865,130.562,61.3347,168.149,77.1187,240.291,99.8177,176.24,1,10000,1,10000,1,10000,1,10000,1,10000,1,10000
1,1000,1,10000,1,10000,1,10000,1,10000,1,10000,1,10000,1,10000,1,10000,1,10000,1,10000,1,10000,1,10000,1,10000,1,10000,14.4884,220.489,1,10000,1,10000,1,10000,1,10000,1,10000,1,10000,1,10000,89.3307,303.339,115.855,307.001,1,10000,1,10000,238.017,159.788,385.038,287.968,1,10000,1,10000,1,10000,1,10000,1,10000,1,10000,1,10000,1,10000,1,10000,1,10000,1,10000,1,10000,1,10000,1,10000,307.7675,544.4921,1,10000,15.4923,21.4955,1,10000,24.1515,65.356,31.1978,104.256,38.9526,82.5042,48.2959,147.061,60.7244,193.031,76.4278,276.4,98.7257,205.789,1,10000,1,10000,1,10000,1,10000,1,10000,1,10000
1,1000,1,10000,1,10000,1,10000,1,10000,1,10000,1,10000,1,10000,1,10000,1,10000,1,10000,1,10000,1,10000,1,10000,1,10000,14.5028,271.741,1,10000,1,10000,1,10000,1,10000,1,10000,1,10000,1,10000,1,10000,1,10000,1,10000,1,10000,236.121,182.883,381.589,307.616,1,10000,1,10000,1,10000,1,10000,1,10000,1,10000,1,10000,1,10000,1,10000,1,10000,1,10000,1,10000,1,10000,1,10000,307.4599,608.4127,1,10000,15.3229,24.6517,1,10000,23.959,78.2453,30.8256,128.361,38.565,99.7682,47.959,173.096,60.1804,219.39,75.9706,301.826,97.5481,240.531,1,10000,1,10000,1,10000,1,10000,1,10000,1,10000
1,1000,1,10000,1,10000,1,10000,1,10000,1,10000,1,10000,1,10000,1,10000,1,10000,1,10000,1,10000,1,10000,1,10000,1,10000,14.4884,300.922,1,10000,1,10000,1,10000,1,10000,1,10000,1,10000,1,10000,1,10000,1,10000,1,10000,1,10000,234.474,214.187,379.685,329.261,1,10000,1,10000,1,10000,1,10000,1,10000,1,10000,1,10000,1,10000,1,10000,1,10000,1,10000,1,10000,1,10000,1,10000,1,10000,1,10000,15.1249,28.987,1,10000,23.7444,93.6767,30.5494,150.633,38.1813,122.345,47.5768,200.507,59.8204,242.463,1,10000,96.5775,278.621,1,10000,1,10000,1,10000,1,10000,1,10000,1,10000
1,1000,1,10000,1,10000,1,10000,1,10000,1,10000,1,10000,1,10000,1,10000,1,10000,1,10000,1,10000,1,10000,1,10000,1,10000,1,10000,1,10000,1,10000,1,10000,1,10000,1,10000,1,10000,1,10000,1,10000,1,10000,1,10000,1,10000,233.304,238.853,375.908,353.489,1,10000,1,10000,1,10000,1,10000,1,10000,1,10000,1,10000,1,10000,1,10000,1,10000,1,10000,1,10000,1,10000,1,10000,1,10000,1,10000,14.9147,35.3694,1,10000,23.626,119.205,30.2757,178.546,37.915,147.946,47.3869,232.956,59.4031,273.924,1,10000,96.0958,301.223,1,10000,1,10000,1,10000,1,10000,1,10000,1,10000
1,1000,1,10000,1,10000,1,10000,1,10000,1,10000,1,10000,1,10000,1,10000,1,10000,1,10000,1,10000,1,10000,1,10000,1,10000,1,10000,1,10000,1,10000,1,10000,1,10000,1,10000,1,10000,1,10000,1,10000,1,10000,1,10000,1,10000,232.605,268.232,373.285,382.547,1,10000,1,10000,1,10000,1,10000,1,10000,1,10000,1,10000,1,10000,1,10000,1,10000,1,10000,1,10000,1,10000,1,10000,1,10000,1,10000,14.6779,44.2496,1,10000,23.5787,140.871,30.0345,211.421,37.6882,173.27,47.0564,265.297,59.2251,301.223,1,10000,1,10000,1,10000,1,10000,1,10000,1,10000,1,10000,1,10000
1,1000,1,10000,1,10000,1,10000,1,10000,1,10000,1,10000,1,10000,1,10000,1,10000,1,10000,1,10000,1,10000,1,10000,1,10000,1,10000,1,10000,1,10000,1,10000,1,10000,1,10000,1,10000,1,10000,1,10000,1,10000,1,10000,1,10000,231.445,308.849,372.167,411.929,1,10000,1,10000,1,10000,1,10000,1,10000,1,10000,1,10000,1,10000,1,10000,1,10000,1,10000,1,10000,1,10000,1,10000,1,10000,1,10000,14.5028,52.8706,1,10000,23.5316,173.096,29.7654,250.598,37.4627,209.946,46.9154,287.393,1,10000,1,10000,1,10000,1,10000,1,10000,1,10000,1,10000,1,10000,1,10000
1,1000,1,10000,1,10000,1,10000,1,10000,1,10000,1,10000,1,10000,1,10000,1,10000,1,10000,1,10000,1,10000,1,10000,1,10000,1,10000,1,10000,1,10000,1,10000,1,10000,1,10000,1,10000,1,10000,1,10000,1,10000,1,10000,1,10000,1,10000,371.052,463.985,1,10000,1,10000,1,10000,1,10000,1,10000,1,10000,1,10000,1,10000,1,10000,1,10000,1,10000,1,10000,1,10000,1,10000,1,10000,1,10000,14.3012,67.0104,1,10000,23.4846,213.119,29.6169,281.139,37.2759,236.95,46.8217,300.321,1,10000,1,10000,1,10000,1,10000,1,10000,1,10000,1,10000,1,10000,1,10000
1,1000,1,10000,1,10000,1,10000,1,10000,1,10000,1,10000,1,10000,1,10000,1,10000,1,10000,1,10000,1,10000,1,10000,1,10000,1,10000,1,10000,1,10000,1,10000,1,10000,1,10000,1,10000,1,10000,1,10000,1,10000,1,10000,1,10000,1,10000,370.311,533.71,1,10000,1,10000,1,10000,1,10000,1,10000,1,10000,1,10000,1,10000,1,10000,1,10000,1,10000,1,10000,1,10000,1,10000,1,10000,1,10000,14.1589,84.9319,1,10000,23.4377,248.353,29.5873,303.642,37.2014,272.013,1,10000,1,10000,1,10000,1,10000,1,10000,1,10000,1,10000,1,10000,1,10000,1,10000
1,1000,1,10000,1,10000,1,10000,1,10000,1,10000,1,10000,1,10000,1,10000,1,10000,1,10000,1,10000,1,10000,1,10000,1,10000,1,10000,1,10000,1,10000,1,10000,1,10000,1,10000,1,10000,1,10000,1,10000,1,10000,1,10000,1,10000,1,10000,1,10000,1,10000,1,10000,1,10000,1,10000,1,10000,1,10000,1,10000,1,10000,1,10000,1,10000,1,10000,1,10000,1,10000,1,10000,1,10000,1,10000,14.0883,102.601,1,10000,23.4377,280.578,1,10000,37.1642,300.621,1,10000,1,10000,1,10000,1,10000,1,10000,1,10000,1,10000,1,10000,1,10000,1,10000
1,1000,1,10000,1,10000,1,10000,1,10000,1,10000,1,10000,1,10000,1,10000,1,10000,1,10000,1,10000,1,10000,1,10000,1,10000,1,10000,1,10000,1,10000,1,10000,1,10000,1,10000,1,10000,1,10000,1,10000,1,10000,1,10000,1,10000,1,10000,1,10000,1,10000,1,10000,1,10000,1,10000,1,10000,1,10000,1,10000,1,10000,1,10000,1,10000,1,10000,1,10000,1,10000,1,10000,1,10000,1,10000,14.0461,126.703,1,10000,23.3909,302.43,1,10000,1,10000,1,10000,1,10000,1,10000,1,10000,1,10000,1,10000,1,10000,1,10000,1,10000,1,10000
1,1000,1,10000,1,10000,1,10000,1,10000,1,10000,1,10000,1,10000,1,10000,1,10000,1,10000,1,10000,1,10000,1,10000,1,10000,1,10000,1,10000,1,10000,1,10000,1,10000,1,10000,1,10000,1,10000,1,10000,1,10000,1,10000,1,10000,1,10000,1,10000,1,10000,1,10000,1,10000,1,10000,1,10000,1,10000,1,10000,1,10000,1,10000,1,10000,1,10000,1,10000,1,10000,1,10000,1,10000,1,10000,14.0321,157.567,1,10000,1,10000,1,10000,1,10000,1,10000,1,10000,1,10000,1,10000,1,10000,1,10000,1,10000,1,10000,1,10000,1,10000
1,1000,1,10000,1,10000,1,10000,1,10000,1,10000,1,10000,1,10000,1,10000,1,10000,1,10000,1,10000,1,10000,1,10000,1,10000,1,10000,1,10000,1,10000,1,10000,1,10000,1,10000,1,10000,1,10000,1,10000,1,10000,1,10000,1,10000,1,10000,1,10000,1,10000,1,10000,1,10000,1,10000,1,10000,1,10000,1,10000,1,10000,1,10000,1,10000,1,10000,1,10000,1,10000,1,10000,1,10000,1,10000,13.99,196.144,1,10000,1,10000,1,10000,1,10000,1,10000,1,10000,1,10000,1,10000,1,10000,1,10000,1,10000,1,10000,1,10000,1,10000
1,1000,1,10000,1,10000,1,10000,1,10000,1,10000,1,10000,1,10000,1,10000,1,10000,1,10000,1,10000,1,10000,1,10000,1,10000,1,10000,1,10000,1,10000,1,10000,1,10000,1,10000,1,10000,1,10000,1,10000,1,10000,1,10000,1,10000,1,10000,1,10000,1,10000,1,10000,1,10000,1,10000,1,10000,1,10000,1,10000,1,10000,1,10000,1,10000,1,10000,1,10000,1,10000,1,10000,1,10000,1,10000,13.9342,234.592,1,10000,1,10000,1,10000,1,10000,1,10000,1,10000,1,10000,1,10000,1,10000,1,10000,1,10000,1,10000,1,10000,1,10000
1,1000,1,10000,1,10000,1,10000,1,10000,1,10000,1,10000,1,10000,1,10000,1,10000,1,10000,1,10000,1,10000,1,10000,1,10000,1,10000,1,10000,1,10000,1,10000,1,10000,1,10000,1,10000,1,10000,1,10000,1,10000,1,10000,1,10000,1,10000,1,10000,1,10000,1,10000,1,10000,1,10000,1,10000,1,10000,1,10000,1,10000,1,10000,1,10000,1,10000,1,10000,1,10000,1,10000,1,10000,1,10000,13.8786,277.508,1,10000,1,10000,1,10000,1,10000,1,10000,1,10000,1,10000,1,10000,1,10000,1,10000,1,10000,1,10000,1,10000,1,10000
1,1000,1,10000,1,10000,1,10000,1,10000,1,10000,1,10000,1,10000,1,10000,1,10000,1,10000,1,10000,1,10000,1,10000,1,10000,1,10000,1,10000,1,10000,1,10000,1,10000,1,10000,1,10000,1,10000,1,10000,1,10000,1,10000,1,10000,1,10000,1,10000,1,10000,1,10000,1,10000,1,10000,1,10000,1,10000,1,10000,1,10000,1,10000,1,10000,1,10000,1,10000,1,10000,1,10000,1,10000,1,10000,1,10000,1,10000,1,10000,1,10000,1,10000,1,10000,1,10000,1,10000,1,10000,1,10000,1,10000,1,10000,1,10000,1,10000,1,10000
